Sum of Age,Churn_Category,Churn_Reason,Contract,Customer_ID,Customer_Status,Device_Protection_Plan,Gender,Internet_Service,Internet_Type,Married,Sum of Monthly_Charge,Multiple_Lines,Sum of Number_of_Referrals,Online_Backup,Online_Security,Paperless_Billing,Payment_Method,Phone_Service,Premium_Support,State,Streaming_Movies,Streaming_Music,Streaming_TV,Sum of Tenure_in_Months,Sum of Total_Charges,Sum of Total_Extra_Data_Charges,Sum of Total_Long_Distance_Charges,Sum of Total_Refunds,Sum of Total_Revenue,Unlimited_Data,Value_Deal,Customer_Status_Predicted
18,Others,Others,Month-to-Month,11751-TAM,Joined,No,Female,Yes,DSL,No,24.299999237060547,No,5,No,No,No,Mailed Check,No,No,Tamil Nadu,No,No,No,7,38.45000076293945,0,0.0,0.0,38.45000076293945,Yes,Deal 5,1
27,Others,Others,Month-to-Month,12056-WES,Joined,Yes,Male,Yes,Fiber Optic,No,90.4000015258789,No,2,Yes,No,No,Bank Withdrawal,Yes,No,West Bengal,Yes,Yes,No,20,268.45001220703125,0,94.44000244140624,0.0,362.8900146484375,Yes,,1
25,Others,Others,Month-to-Month,12136-RAJ,Joined,No,Female,No,,Yes,19.89999961853028,No,2,No,No,No,Bank Withdrawal,Yes,No,Rajasthan,No,No,No,35,19.89999961853028,0,11.829999923706056,0.0,31.729999542236328,No,,1
39,Others,Others,Month-to-Month,12257-ASS,Joined,No,Female,No,,No,19.549999237060547,No,9,No,No,Yes,Credit Card,Yes,No,Assam,No,No,No,1,19.549999237060547,0,10.199999809265137,0.0,29.75,No,,1
51,Others,Others,Month-to-Month,12340-DEL,Joined,No,Female,Yes,Cable,Yes,62.79999923706055,No,0,No,No,Yes,Credit Card,Yes,No,Delhi,Yes,Yes,Yes,10,62.79999923706055,0,42.18999862670898,0.0,104.98999786376952,Yes,,1
24,Others,Others,Month-to-Month,12469-AND,Joined,No,Male,Yes,DSL,Yes,55.29999923706055,No,11,No,No,Yes,Credit Card,Yes,No,Andhra Pradesh,No,No,Yes,4,55.29999923706055,0,36.68999862670898,0.0,91.98999786376952,Yes,,1
52,Others,Others,Month-to-Month,12490-TEL,Joined,Yes,Female,Yes,Fiber Optic,No,74.75,No,9,No,No,Yes,Mailed Check,Yes,No,Telangana,No,No,No,6,238.1000061035156,0,37.5,38.84000015258789,236.759994506836,Yes,,1
58,Others,Others,Month-to-Month,13058-MAD,Joined,No,Female,Yes,DSL,No,46.09999847412109,No,13,No,No,Yes,Mailed Check,Yes,No,Madhya Pradesh,No,No,No,22,130.14999389648438,0,7.980000019073486,0.0,138.1300048828125,Yes,,1
46,Others,Others,Month-to-Month,13123-BIH,Joined,No,Female,Yes,Fiber Optic,No,100.1999969482422,No,13,Yes,Yes,No,Bank Withdrawal,Yes,No,Bihar,Yes,Yes,Yes,18,198.5,10,45.119998931884766,0.0,253.6199951171875,No,Deal 5,1
57,Others,Others,Month-to-Month,13666-UTT,Joined,No,Male,Yes,Fiber Optic,Yes,95.4000015258789,No,15,Yes,No,No,Bank Withdrawal,Yes,No,Uttarakhand,Yes,Yes,Yes,16,293.1499938964844,0,51.02999877929688,0.0,344.17999267578125,Yes,,1
41,Others,Others,Month-to-Month,13744-AND,Joined,No,Female,No,,Yes,19.64999961853028,No,8,No,No,Yes,Bank Withdrawal,Yes,No,Andhra Pradesh,No,No,No,3,19.64999961853028,0,13.850000381469728,0.0,33.5,No,Deal 5,1
31,Others,Others,Month-to-Month,13823-TEL,Joined,No,Female,Yes,DSL,Yes,24.5,No,1,No,No,No,Bank Withdrawal,No,No,Telangana,No,No,No,28,46.400001525878906,0,0.0,0.0,46.400001525878906,Yes,Deal 5,1
41,Others,Others,Month-to-Month,13946-HAR,Joined,No,Female,No,,Yes,19.64999961853028,No,1,No,No,No,Credit Card,Yes,No,Haryana,No,No,No,3,19.64999961853028,0,23.670000076293945,0.0,43.31999969482422,No,Deal 5,1
43,Others,Others,Month-to-Month,14567-TAM,Joined,No,Male,No,,No,20.350000381469727,No,1,No,No,No,Credit Card,Yes,No,Tamil Nadu,No,No,No,9,20.350000381469727,0,44.09000015258789,0.0,64.44000244140625,No,,1
47,Others,Others,Month-to-Month,15349-UTT,Joined,No,Male,Yes,DSL,Yes,50.150001525878906,Yes,9,No,No,Yes,Bank Withdrawal,Yes,No,Uttar Pradesh,No,No,No,12,50.150001525878906,0,39.869998931884766,0.0,90.0199966430664,Yes,Deal 5,1
26,Others,Others,Month-to-Month,15591-KAR,Joined,No,Female,No,,No,20.39999961853028,No,3,No,No,No,Credit Card,Yes,No,Karnataka,No,No,No,31,20.39999961853028,0,45.90999984741211,0.0,66.30999755859375,No,,1
34,Others,Others,Month-to-Month,15803-UTT,Joined,No,Female,No,,No,19.14999961853028,No,6,No,No,No,Credit Card,Yes,No,Uttar Pradesh,No,No,No,31,19.14999961853028,0,22.3700008392334,0.0,41.52000045776367,No,,1
47,Others,Others,Month-to-Month,16032-AND,Joined,No,Female,Yes,DSL,No,46.59999847412109,No,8,No,No,Yes,Bank Withdrawal,Yes,No,Andhra Pradesh,No,No,No,18,87.9000015258789,0,3.740000009536743,0.0,91.63999938964844,Yes,,1
44,Others,Others,Month-to-Month,16068-BIH,Joined,No,Female,Yes,DSL,Yes,25.25,No,4,No,No,No,Bank Withdrawal,No,No,Bihar,No,No,No,25,25.25,10,0.0,0.0,35.25,No,Deal 5,1
19,Others,Others,Month-to-Month,16244-UTT,Joined,No,Female,No,,Yes,19.549999237060547,No,5,No,No,No,Credit Card,Yes,No,Uttar Pradesh,No,No,No,7,19.549999237060547,0,5.099999904632568,0.0,24.64999961853028,No,,1
76,Others,Others,Month-to-Month,16733-ODI,Joined,No,Female,Yes,DSL,Yes,45.84999847412109,No,10,No,No,Yes,Credit Card,Yes,No,Odisha,No,No,No,1,45.84999847412109,0,40.380001068115234,0.0,86.2300033569336,Yes,,1
40,Others,Others,Month-to-Month,16764-WES,Joined,No,Male,No,,No,20.799999237060547,No,15,No,No,No,Credit Card,Yes,No,West Bengal,No,No,No,13,20.799999237060547,0,48.13999938964844,0.0,68.94000244140625,No,Deal 5,1
39,Others,Others,Month-to-Month,16931-BIH,Joined,No,Female,No,,Yes,19.299999237060547,No,8,No,No,Yes,Credit Card,Yes,No,Bihar,No,No,No,23,19.299999237060547,0,8.65999984741211,0.0,27.959999084472656,No,Deal 5,1
23,Others,Others,Month-to-Month,17250-HAR,Joined,No,Female,Yes,DSL,Yes,49.25,No,12,Yes,No,No,Credit Card,Yes,No,Haryana,No,No,No,2,97.0,0,81.5,0.0,178.5,Yes,,1
33,Others,Others,Month-to-Month,17597-HAR,Joined,No,Female,Yes,DSL,Yes,29.850000381469727,No,2,Yes,No,Yes,Bank Withdrawal,No,No,Haryana,No,No,No,6,29.850000381469727,0,0.0,0.0,29.850000381469727,Yes,Deal 5,1
65,Others,Others,Month-to-Month,17796-BIH,Joined,No,Female,Yes,Cable,No,48.45000076293945,No,5,No,Yes,Yes,Bank Withdrawal,Yes,No,Bihar,No,No,No,1,48.45000076293945,0,16.420000076293945,0.0,64.87000274658203,Yes,,1
28,Others,Others,Month-to-Month,18015-ODI,Joined,No,Female,Yes,DSL,Yes,49.900001525878906,No,15,No,No,Yes,Bank Withdrawal,Yes,Yes,Odisha,No,No,No,9,49.900001525878906,0,14.93000030517578,0.0,64.83000183105469,Yes,,1
58,Others,Others,Month-to-Month,18027-UTT,Joined,No,Female,No,,Yes,19.89999961853028,No,15,No,No,Yes,Credit Card,Yes,No,Uttar Pradesh,No,No,No,30,33.70000076293945,0,7.639999866485596,0.0,41.34000015258789,No,Deal 5,1
33,Others,Others,Month-to-Month,18415-KAR,Joined,No,Female,No,,Yes,19.100000381469727,No,7,No,No,No,Mailed Check,Yes,No,Karnataka,No,No,No,36,19.100000381469727,0,5.019999980926514,0.0,24.1200008392334,No,,1
49,Others,Others,Month-to-Month,18829-TAM,Joined,No,Female,No,,Yes,18.799999237060547,No,4,No,No,No,Credit Card,Yes,No,Tamil Nadu,No,No,No,31,56.0,0,19.82999992370605,0.0,75.83000183105469,No,Deal 5,1
36,Others,Others,Month-to-Month,19041-AND,Joined,No,Female,Yes,Cable,No,35.099998474121094,No,6,No,Yes,No,Credit Card,No,Yes,Andhra Pradesh,No,No,No,21,101.0999984741211,0,0.0,0.0,101.0999984741211,Yes,Deal 5,1
37,Others,Others,Month-to-Month,19539-PUN,Joined,No,Female,Yes,DSL,Yes,45.400001525878906,No,14,No,No,Yes,Credit Card,Yes,No,Punjab,No,No,No,8,45.400001525878906,0,49.33000183105469,0.0,94.7300033569336,Yes,Deal 5,1
37,Others,Others,Month-to-Month,19541-ODI,Joined,No,Female,Yes,Cable,Yes,45.25,No,15,No,No,Yes,Credit Card,Yes,No,Odisha,No,No,No,14,74.19999694824219,0,79.0,0.0,153.1999969482422,Yes,Deal 5,1
47,Others,Others,Month-to-Month,19747-WES,Joined,No,Female,Yes,DSL,No,64.5,No,15,No,Yes,Yes,Bank Withdrawal,Yes,Yes,West Bengal,Yes,Yes,No,19,177.39999389648438,60,118.6500015258789,0.0,356.04998779296875,No,Deal 5,1
35,Others,Others,Month-to-Month,19811-MAH,Joined,No,Female,Yes,Fiber Optic,Yes,89.8499984741211,No,10,Yes,Yes,No,Bank Withdrawal,Yes,No,Maharashtra,No,No,Yes,7,248.3999938964844,0,99.9000015258789,0.0,348.29998779296875,Yes,Deal 5,1
57,Others,Others,Month-to-Month,19837-TAM,Joined,No,Female,Yes,Cable,Yes,51.400001525878906,No,4,Yes,No,No,Bank Withdrawal,No,No,Tamil Nadu,Yes,Yes,Yes,6,96.8000030517578,0,0.0,0.0,96.8000030517578,Yes,,1
31,Others,Others,Month-to-Month,19898-HAR,Joined,No,Male,No,,Yes,19.450000762939453,No,3,No,No,No,Credit Card,Yes,No,Haryana,No,No,No,30,19.450000762939453,0,29.14999961853028,0.0,48.59999847412109,No,Deal 5,1
18,Others,Others,Month-to-Month,19998-AND,Joined,Yes,Female,Yes,Fiber Optic,No,85.69999694824219,No,0,No,No,No,Credit Card,Yes,No,Andhra Pradesh,Yes,Yes,No,2,256.75,0,89.5199966430664,0.0,346.2699890136719,Yes,Deal 5,1
27,Others,Others,Month-to-Month,21065-HAR,Joined,No,Male,No,,No,20.299999237060547,No,5,No,No,No,Credit Card,Yes,No,Haryana,No,No,No,10,20.299999237060547,0,10.84000015258789,0.0,31.13999938964844,No,,1
38,Others,Others,Month-to-Month,21165-DEL,Joined,No,Female,No,,No,19.950000762939453,No,2,No,No,No,Credit Card,Yes,No,Delhi,No,No,No,32,38.150001525878906,0,69.13999938964844,0.0,107.29000091552734,No,Deal 5,1
58,Others,Others,Month-to-Month,21247-ASS,Joined,No,Male,No,,Yes,19.5,No,2,No,No,Yes,Credit Card,Yes,No,Assam,No,No,No,2,19.5,0,8.020000457763672,0.0,27.520000457763672,No,,1
63,Others,Others,Month-to-Month,21288-MAH,Joined,No,Female,Yes,DSL,No,60.25,Yes,12,No,No,Yes,Bank Withdrawal,Yes,No,Maharashtra,No,No,Yes,34,170.5,70,60.29999923706055,0.0,300.79998779296875,No,,1
60,Others,Others,Month-to-Month,21642-TEL,Joined,No,Male,Yes,DSL,Yes,54.5,No,12,No,Yes,No,Bank Withdrawal,Yes,Yes,Telangana,No,No,No,29,54.5,0,33.209999084472656,0.0,87.70999908447266,Yes,,1
59,Others,Others,Month-to-Month,21956-JHA,Joined,No,Female,Yes,Fiber Optic,Yes,82.30000305175781,No,10,No,Yes,Yes,Credit Card,Yes,Yes,Jharkhand,No,No,No,8,214.3999938964844,20,134.91000366210938,0.0,369.30999755859375,No,,1
31,Others,Others,Month-to-Month,22119-WES,Joined,No,Male,No,,Yes,20.049999237060547,No,5,No,No,No,Credit Card,Yes,No,West Bengal,No,No,No,5,33.70000076293945,0,3.619999885559082,0.0,37.31999969482422,No,,1
40,Others,Others,Month-to-Month,22765-MAH,Joined,No,Female,No,,Yes,19.450000762939453,No,6,No,No,No,Bank Withdrawal,Yes,No,Maharashtra,No,No,No,16,19.450000762939453,0,16.440000534057617,0.0,35.88999938964844,No,Deal 5,1
50,Others,Others,Month-to-Month,22782-ODI,Joined,No,Female,No,,Yes,19.299999237060547,No,2,No,No,No,Credit Card,Yes,No,Odisha,No,No,No,28,54.70000076293945,0,30.38999938964844,0.0,85.08999633789062,No,,1
57,Others,Others,Month-to-Month,23078-UTT,Joined,No,Female,No,,Yes,20.299999237060547,No,3,No,No,Yes,Bank Withdrawal,Yes,No,Uttar Pradesh,No,No,No,24,20.299999237060547,0,6.639999866485596,0.0,26.940000534057617,No,,1
32,Others,Others,Month-to-Month,23256-HAR,Joined,No,Female,No,,Yes,19.850000381469727,No,10,No,No,No,Bank Withdrawal,Yes,No,Haryana,No,No,No,31,52.0,0,72.0999984741211,0.0,124.0999984741211,No,Deal 5,1
31,Others,Others,Month-to-Month,23605-MAH,Joined,No,Female,No,,Yes,20.75,No,1,No,No,No,Credit Card,Yes,No,Maharashtra,No,No,No,19,20.75,0,7.570000171661377,0.0,28.31999969482422,No,,1
37,Others,Others,Month-to-Month,23632-HAR,Joined,No,Female,Yes,Fiber Optic,Yes,97.0999984741211,No,2,No,Yes,No,Bank Withdrawal,Yes,No,Haryana,Yes,Yes,Yes,16,184.1499938964844,0,78.69999694824219,0.0,262.8500061035156,Yes,Deal 5,1
26,Others,Others,Month-to-Month,23683-TEL,Joined,No,Male,No,,No,20.25,No,10,No,No,Yes,Credit Card,Yes,No,Telangana,No,No,No,16,20.25,0,42.959999084472656,0.0,63.209999084472656,No,,1
58,Others,Others,Month-to-Month,23729-UTT,Joined,No,Female,No,,No,19.64999961853028,No,14,No,No,Yes,Credit Card,Yes,No,Uttar Pradesh,No,No,No,19,38.79999923706055,0,19.21999931335449,0.0,58.02000045776367,No,Deal 5,1
53,Others,Others,Month-to-Month,23855-MAH,Joined,No,Female,Yes,DSL,Yes,44.900001525878906,No,13,No,No,No,Bank Withdrawal,Yes,No,Maharashtra,No,No,No,9,111.0500030517578,0,10.15999984741211,0.0,121.20999908447266,Yes,,1
69,Others,Others,Month-to-Month,24696-BIH,Joined,No,Female,Yes,DSL,Yes,43.95000076293945,No,0,No,No,No,Bank Withdrawal,Yes,No,Bihar,No,No,No,20,85.0999984741211,0,38.18000030517578,0.0,123.27999877929688,Yes,Deal 5,1
63,Others,Others,Month-to-Month,24754-AND,Joined,No,Female,Yes,Fiber Optic,Yes,69.55000305175781,No,0,No,No,Yes,Bank Withdrawal,Yes,No,Andhra Pradesh,No,No,No,28,200.1999969482422,0,5.010000228881836,33.79999923706055,171.41000366210938,Yes,,1
36,Others,Others,Month-to-Month,24990-WES,Joined,No,Female,Yes,Fiber Optic,No,71.6500015258789,No,8,No,No,Yes,Bank Withdrawal,Yes,No,West Bengal,No,No,No,24,135.75,0,58.060001373291016,0.0,193.8099975585937,Yes,,1
47,Others,Others,Month-to-Month,25048-TEL,Joined,No,Male,No,,No,24.0,Yes,15,No,No,No,Credit Card,Yes,No,Telangana,No,No,No,9,24.0,0,32.95000076293945,0.0,56.95000076293945,No,Deal 5,1
40,Others,Others,Month-to-Month,25517-RAJ,Joined,Yes,Female,Yes,Fiber Optic,No,91.4499969482422,Yes,4,No,No,Yes,Bank Withdrawal,Yes,No,Rajasthan,No,No,Yes,10,171.4499969482422,10,98.81999969482422,0.0,280.2699890136719,No,,1
47,Others,Others,Month-to-Month,25763-JHA,Joined,No,Female,Yes,Cable,Yes,44.150001525878906,No,9,No,No,No,Bank Withdrawal,Yes,No,Jharkhand,No,No,No,3,44.150001525878906,0,9.81999969482422,0.0,53.970001220703125,Yes,Deal 5,1
30,Others,Others,Month-to-Month,26412-ASS,Joined,No,Female,No,,No,20.700000762939453,No,7,No,No,Yes,Bank Withdrawal,Yes,No,Assam,No,No,No,18,39.84999847412109,0,27.780000686645508,0.0,67.62999725341797,No,,1
57,Others,Others,Month-to-Month,26448-BIH,Joined,No,Female,Yes,DSL,No,75.30000305175781,No,10,Yes,No,Yes,Bank Withdrawal,Yes,Yes,Bihar,Yes,Yes,Yes,21,244.1000061035156,0,116.97000122070312,0.0,361.0700073242188,Yes,Deal 5,1
62,Others,Others,Month-to-Month,26500-GUJ,Joined,No,Female,Yes,Cable,Yes,62.150001525878906,No,3,No,Yes,Yes,Mailed Check,Yes,No,Gujarat,Yes,Yes,No,19,113.0999984741211,0,96.77999877929688,0.0,209.8800048828125,Yes,Deal 5,1
52,Others,Others,Month-to-Month,26902-TEL,Joined,No,Male,Yes,Fiber Optic,Yes,95.8499984741211,No,7,No,No,Yes,Bank Withdrawal,Yes,Yes,Telangana,Yes,Yes,Yes,2,95.8499984741211,0,2.700000047683716,0.0,98.5500030517578,Yes,,1
22,Others,Others,Month-to-Month,27461-MAD,Joined,No,Male,Yes,Cable,Yes,44.54999923706055,No,7,No,No,Yes,Credit Card,Yes,No,Madhya Pradesh,No,No,No,6,44.54999923706055,0,23.040000915527344,0.0,67.58999633789062,Yes,Deal 5,1
50,Others,Others,Month-to-Month,27465-JAM,Joined,No,Female,No,,No,19.850000381469727,No,10,No,No,No,Credit Card,Yes,No,Jammu & Kashmir,No,No,No,30,19.850000381469727,0,16.469999313354492,0.0,36.31999969482422,No,,1
53,Others,Others,Month-to-Month,27553-UTT,Joined,No,Female,No,,Yes,20.299999237060547,No,0,No,No,No,Credit Card,Yes,No,Uttar Pradesh,No,No,No,18,20.299999237060547,0,4.090000152587891,0.0,24.38999938964844,No,,1
19,Others,Others,Month-to-Month,27561-UTT,Joined,No,Female,No,,No,20.25,No,6,No,No,Yes,Credit Card,Yes,No,Uttar Pradesh,No,No,No,10,20.25,0,47.25,0.0,67.5,No,Deal 5,1
33,Others,Others,Month-to-Month,27856-UTT,Joined,No,Female,No,,Yes,19.25,No,1,No,No,Yes,Bank Withdrawal,Yes,No,Uttar Pradesh,No,No,No,32,19.25,0,9.4399995803833,0.0,28.690000534057617,No,Deal 5,1
52,Others,Others,Month-to-Month,28237-JHA,Joined,No,Female,Yes,Fiber Optic,No,69.8499984741211,No,7,No,No,Yes,Bank Withdrawal,Yes,No,Jharkhand,No,No,No,9,199.8500061035156,0,104.27999877929688,0.0,304.1300048828125,Yes,Deal 5,1
55,Others,Others,Month-to-Month,28239-UTT,Joined,No,Female,No,,Yes,19.950000762939453,No,0,No,No,No,Credit Card,Yes,No,Uttar Pradesh,No,No,No,5,19.950000762939453,0,38.84000015258789,0.0,58.790000915527344,No,,1
32,Others,Others,Month-to-Month,28266-JAM,Joined,No,Male,Yes,DSL,No,25.350000381469727,No,6,No,No,No,Credit Card,No,No,Jammu & Kashmir,No,No,No,1,25.350000381469727,0,0.0,0.0,25.350000381469727,Yes,,1
56,Others,Others,Month-to-Month,28281-KAR,Joined,No,Male,Yes,Fiber Optic,Yes,80.3499984741211,No,8,No,No,Yes,Bank Withdrawal,Yes,No,Karnataka,Yes,Yes,No,32,253.8000030517578,0,148.88999938964844,0.0,402.6900024414063,Yes,Deal 5,1
65,Others,Others,Month-to-Month,28378-MAD,Joined,No,Female,No,,No,19.450000762939453,No,12,No,No,No,Bank Withdrawal,Yes,No,Madhya Pradesh,No,No,No,1,19.450000762939453,0,46.59000015258789,0.0,66.04000091552734,No,Deal 5,1
59,Others,Others,Month-to-Month,28398-TEL,Joined,No,Male,No,,Yes,20.0,No,3,No,No,No,Credit Card,Yes,No,Telangana,No,No,No,23,20.0,0,25.989999771118164,0.0,45.9900016784668,No,Deal 5,1
33,Others,Others,Month-to-Month,28681-HAR,Joined,Yes,Female,Yes,Fiber Optic,No,75.55000305175781,No,4,No,No,No,Bank Withdrawal,Yes,No,Haryana,No,No,No,2,75.55000305175781,0,7.110000133514404,0.0,82.66000366210938,Yes,,1
58,Others,Others,Month-to-Month,28782-PUN,Joined,No,Male,Yes,DSL,Yes,44.95000076293945,No,8,No,No,Yes,Mailed Check,Yes,No,Punjab,No,No,No,7,44.95000076293945,0,13.630000114440918,0.0,58.58000183105469,Yes,Deal 5,1
55,Others,Others,Month-to-Month,28873-TAM,Joined,No,Male,Yes,Fiber Optic,No,74.94999694824219,No,7,Yes,No,No,Bank Withdrawal,Yes,No,Tamil Nadu,No,No,No,4,151.75,0,7.519999980926514,0.0,159.27000427246094,Yes,,1
57,Others,Others,Month-to-Month,29093-ASS,Joined,No,Male,No,,Yes,20.450000762939453,No,6,No,No,Yes,Mailed Check,Yes,No,Assam,No,No,No,6,20.450000762939453,0,11.609999656677246,0.0,32.060001373291016,No,,1
23,Others,Others,Month-to-Month,29371-WES,Joined,No,Female,Yes,DSL,No,55.29999923706055,No,14,No,No,Yes,Bank Withdrawal,Yes,No,West Bengal,Yes,Yes,No,9,108.6500015258789,0,87.86000061035156,0.0,196.509994506836,Yes,Deal 5,1
50,Others,Others,Month-to-Month,29525-TAM,Joined,No,Female,Yes,DSL,Yes,25.0,No,9,No,No,No,Credit Card,No,No,Tamil Nadu,No,No,No,3,78.25,0,0.0,0.0,78.25,Yes,Deal 5,1
67,Others,Others,Month-to-Month,29626-WES,Joined,No,Male,Yes,DSL,No,50.150001525878906,No,10,No,Yes,No,Bank Withdrawal,Yes,No,West Bengal,No,No,No,22,50.150001525878906,50,38.33000183105469,0.0,138.47999572753906,No,Deal 5,1
68,Others,Others,Month-to-Month,31129-AND,Joined,No,Male,Yes,Fiber Optic,No,70.3499984741211,No,15,No,No,Yes,Bank Withdrawal,Yes,No,Andhra Pradesh,No,No,No,15,70.3499984741211,10,14.420000076293944,0.0,94.7699966430664,No,,1
50,Others,Others,Month-to-Month,31294-KAR,Joined,No,Male,Yes,DSL,Yes,49.75,No,15,No,Yes,No,Bank Withdrawal,Yes,No,Karnataka,No,No,No,33,49.75,0,41.790000915527344,0.0,91.54000091552734,Yes,Deal 5,1
42,Others,Others,Month-to-Month,31476-TEL,Joined,No,Male,No,,Yes,19.950000762939453,No,5,No,No,No,Credit Card,Yes,No,Telangana,No,No,No,33,19.950000762939453,0,27.07999992370605,0.0,47.02999877929688,No,Deal 5,1
31,Others,Others,Month-to-Month,31601-DEL,Joined,No,Female,No,,Yes,19.64999961853028,No,2,No,No,No,Credit Card,Yes,No,Delhi,No,No,No,10,19.64999961853028,0,42.41999816894531,0.0,62.06999969482422,No,,1
37,Others,Others,Month-to-Month,31918-KAR,Joined,Yes,Female,Yes,Cable,No,41.34999847412109,No,15,No,Yes,No,Credit Card,No,Yes,Karnataka,No,No,No,34,107.25,0,0.0,0.0,107.25,Yes,,1
63,Others,Others,Month-to-Month,32063-UTT,Joined,No,Female,No,,Yes,19.0,No,6,No,No,Yes,Credit Card,Yes,No,Uttar Pradesh,No,No,No,31,19.0,0,28.280000686645508,0.0,47.27999877929688,No,Deal 5,1
23,Others,Others,Month-to-Month,32375-UTT,Joined,No,Female,No,,Yes,20.89999961853028,No,1,No,No,No,Mailed Check,Yes,No,Uttar Pradesh,No,No,No,3,20.89999961853028,0,10.210000038146973,0.0,31.11000061035156,No,,1
34,Others,Others,Month-to-Month,32563-KAR,Joined,No,Female,Yes,Fiber Optic,Yes,69.80000305175781,No,3,No,No,Yes,Bank Withdrawal,Yes,No,Karnataka,No,No,No,22,146.64999389648438,10,22.3799991607666,0.0,179.02999877929688,No,,1
25,Others,Others,Month-to-Month,32586-UTT,Joined,No,Female,No,,No,-8.0,Yes,15,No,No,Yes,Credit Card,Yes,No,Uttar Pradesh,No,No,No,10,25.75,0,15.220000267028809,0.0,40.970001220703125,No,,1
30,Others,Others,Month-to-Month,32587-UTT,Joined,No,Female,Yes,Cable,No,45.45000076293945,No,1,No,No,No,Credit Card,Yes,No,Uttar Pradesh,No,No,No,27,141.6999969482422,0,61.11000061035156,0.0,202.8099975585937,Yes,,1
23,Others,Others,Month-to-Month,32966-HAR,Joined,No,Female,No,,No,19.200000762939453,No,3,No,No,No,Bank Withdrawal,Yes,No,Haryana,No,No,No,7,19.200000762939453,0,26.3700008392334,0.0,45.56999969482422,No,,1
42,Others,Others,Month-to-Month,33621-MAD,Joined,No,Female,Yes,Fiber Optic,No,70.3499984741211,No,13,No,No,Yes,Bank Withdrawal,Yes,No,Madhya Pradesh,No,No,No,12,120.25,20,15.399999618530272,0.0,155.64999389648438,No,Deal 5,1
58,Others,Others,Month-to-Month,33773-UTT,Joined,No,Male,No,,Yes,20.600000381469727,No,3,No,No,No,Credit Card,Yes,No,Uttar Pradesh,No,No,No,6,20.600000381469727,0,1.4800000190734863,0.0,22.07999992370605,No,Deal 5,1
32,Others,Others,Month-to-Month,33776-BIH,Joined,No,Male,No,,Yes,19.200000762939453,No,6,No,No,No,Credit Card,Yes,No,Bihar,No,No,No,10,19.200000762939453,0,35.880001068115234,0.0,55.08000183105469,No,,1
45,Others,Others,Month-to-Month,34024-AND,Joined,No,Female,No,,Yes,20.049999237060547,No,4,No,No,No,Credit Card,Yes,No,Andhra Pradesh,No,No,No,21,20.049999237060547,0,7.659999847412109,0.0,27.709999084472656,No,,1
41,Others,Others,Month-to-Month,34101-TAM,Joined,No,Female,No,,No,20.200000762939453,No,5,No,No,No,Bank Withdrawal,Yes,No,Tamil Nadu,No,No,No,35,50.59999847412109,0,55.290000915527344,0.0,105.88999938964844,No,,1
20,Others,Others,Month-to-Month,34110-MAH,Joined,No,Female,Yes,Cable,Yes,50.09999847412109,Yes,6,No,No,Yes,Bank Withdrawal,Yes,No,Maharashtra,No,No,No,3,50.09999847412109,0,29.1299991607666,0.0,79.2300033569336,Yes,,1
51,Others,Others,Month-to-Month,34169-RAJ,Joined,No,Male,No,,Yes,24.850000381469727,Yes,14,No,No,No,Credit Card,Yes,No,Rajasthan,No,No,No,30,62.0,0,80.5,0.0,142.5,No,Deal 5,1
40,Others,Others,Month-to-Month,34319-UTT,Joined,No,Male,Yes,DSL,Yes,50.150001525878906,No,12,Yes,No,Yes,Credit Card,Yes,No,Uttar Pradesh,No,No,No,25,50.150001525878906,0,20.299999237060547,0.0,70.44999694824219,Yes,Deal 5,1
58,Others,Others,Month-to-Month,34713-KER,Joined,No,Male,Yes,Fiber Optic,Yes,90.75,Yes,1,No,Yes,No,Credit Card,Yes,No,Kerala,Yes,Yes,No,29,174.75,0,54.34000015258789,0.0,229.08999633789065,Yes,Deal 5,1
64,Others,Others,Month-to-Month,35075-PUN,Joined,Yes,Male,Yes,Cable,Yes,55.04999923706055,No,5,No,No,No,Credit Card,Yes,Yes,Punjab,No,No,No,9,55.04999923706055,0,14.649999618530272,0.0,69.69999694824219,Yes,,1
26,Others,Others,Month-to-Month,35635-TEL,Joined,No,Female,No,,Yes,20.39999961853028,No,10,No,No,No,Mailed Check,Yes,No,Telangana,No,No,No,5,20.39999961853028,0,17.809999465942383,0.0,38.209999084472656,No,,1
35,Others,Others,Month-to-Month,35658-JHA,Joined,No,Male,No,,No,20.450000762939453,No,2,No,No,No,Mailed Check,Yes,No,Jharkhand,No,No,No,16,20.450000762939453,0,39.61000061035156,0.0,60.060001373291016,No,,1
52,Others,Others,Month-to-Month,36017-TAM,Joined,No,Female,No,,Yes,19.549999237060547,No,15,No,No,No,Credit Card,Yes,No,Tamil Nadu,No,No,No,23,19.549999237060547,0,40.630001068115234,0.0,60.18000030517578,No,,1
43,Others,Others,Month-to-Month,36284-ODI,Joined,No,Male,Yes,DSL,Yes,44.54999923706055,No,4,No,No,No,Bank Withdrawal,Yes,No,Odisha,No,No,No,13,44.54999923706055,0,41.09999847412109,0.0,85.6500015258789,Yes,,1
42,Others,Others,Month-to-Month,36483-KAR,Joined,No,Male,No,,No,19.75,No,2,No,No,No,Credit Card,Yes,No,Karnataka,No,No,No,14,19.75,0,15.770000457763672,0.0,35.52000045776367,No,,1
44,Others,Others,Month-to-Month,36628-GUJ,Joined,No,Female,Yes,Fiber Optic,Yes,80.1500015258789,No,7,No,Yes,Yes,Bank Withdrawal,Yes,Yes,Gujarat,No,No,No,1,194.5500030517578,0,53.15999984741211,0.0,247.7100067138672,Yes,Deal 5,1
52,Others,Others,Month-to-Month,37131-MAH,Joined,No,Male,Yes,Fiber Optic,No,89.25,No,6,No,No,Yes,Bank Withdrawal,Yes,No,Maharashtra,Yes,Yes,Yes,2,89.25,0,16.639999389648438,0.0,105.88999938964844,Yes,,1
34,Others,Others,Month-to-Month,38452-MAH,Joined,No,Female,Yes,DSL,No,47.95000076293945,No,6,No,Yes,No,Bank Withdrawal,Yes,No,Maharashtra,No,No,No,14,47.95000076293945,0,46.22999954223633,0.0,94.18000030517578,Yes,Deal 5,1
30,Others,Others,Month-to-Month,38577-BIH,Joined,No,Female,Yes,DSL,Yes,44.5,No,6,No,No,Yes,Bank Withdrawal,Yes,No,Bihar,No,No,No,36,90.05000305175781,0,61.7400016784668,0.0,151.7899932861328,Yes,,1
42,Others,Others,Month-to-Month,38663-UTT,Joined,No,Male,No,,No,20.299999237060547,No,7,No,No,No,Credit Card,Yes,No,Uttar Pradesh,No,No,No,15,40.25,0,14.539999961853027,0.0,54.790000915527344,No,Deal 5,1
22,Others,Others,Month-to-Month,38748-AND,Joined,No,Female,No,,Yes,19.64999961853028,No,13,No,No,No,Bank Withdrawal,Yes,No,Andhra Pradesh,No,No,No,6,19.64999961853028,0,27.8799991607666,0.0,47.52999877929688,No,,1
50,Others,Others,Month-to-Month,38920-PUN,Joined,No,Female,Yes,Cable,No,43.84999847412109,No,8,No,No,Yes,Bank Withdrawal,Yes,No,Punjab,No,No,No,7,43.84999847412109,10,15.899999618530272,0.0,69.75,No,,1
36,Others,Others,Month-to-Month,39128-PUN,Joined,No,Male,Yes,DSL,No,44.75,No,15,No,No,Yes,Bank Withdrawal,Yes,No,Punjab,No,No,No,22,44.75,10,18.56999969482422,0.0,73.31999969482422,No,Deal 5,1
44,Others,Others,Month-to-Month,39332-TEL,Joined,No,Female,Yes,Fiber Optic,Yes,80.55000305175781,No,6,No,No,Yes,Bank Withdrawal,Yes,No,Telangana,No,No,Yes,8,80.55000305175781,60,5.929999828338623,0.0,146.47999572753906,No,,1
34,Others,Others,Month-to-Month,39540-BIH,Joined,No,Female,Yes,Cable,No,49.04999923706055,No,12,No,No,No,Credit Card,Yes,Yes,Bihar,No,No,No,13,49.04999923706055,0,25.770000457763672,0.0,74.81999969482422,Yes,,1
85,Others,Others,Month-to-Month,39623-HAR,Joined,No,Female,Yes,Fiber Optic,No,74.5999984741211,No,2,Yes,No,Yes,Bank Withdrawal,Yes,No,Haryana,No,No,No,10,239.0500030517578,30,118.52999877929688,0.0,387.5799865722656,No,Deal 5,1
39,Others,Others,Month-to-Month,39764-UTT,Joined,No,Female,No,,Yes,19.350000381469727,No,5,No,No,No,Credit Card,Yes,No,Uttar Pradesh,No,No,No,14,46.34999847412109,0,88.68000030517578,0.0,135.02999877929688,No,,1
24,Others,Others,Month-to-Month,39866-MAH,Joined,No,Female,Yes,DSL,No,45.54999923706055,No,1,No,No,No,Bank Withdrawal,Yes,No,Maharashtra,No,No,No,12,84.4000015258789,10,83.80000305175781,0.0,178.1999969482422,No,Deal 5,1
29,Others,Others,Month-to-Month,41196-MAH,Joined,No,Female,Yes,DSL,Yes,45.0,No,11,No,No,Yes,Bank Withdrawal,Yes,No,Maharashtra,No,No,No,10,45.0,10,40.630001068115234,0.0,95.62999725341795,No,Deal 5,1
37,Others,Others,Month-to-Month,41235-WES,Joined,No,Female,Yes,DSL,No,44.79999923706055,No,8,No,No,Yes,Bank Withdrawal,Yes,No,West Bengal,No,No,No,10,44.79999923706055,0,27.459999084472656,0.0,72.26000213623047,Yes,Deal 5,1
37,Others,Others,Month-to-Month,41427-HAR,Joined,No,Male,No,,No,20.200000762939453,No,13,No,No,No,Bank Withdrawal,Yes,No,Haryana,No,No,No,13,20.200000762939453,0,24.479999542236328,0.0,44.68000030517578,No,Deal 5,1
31,Others,Others,Month-to-Month,41500-KAR,Joined,No,Male,No,,No,19.850000381469727,No,1,No,No,No,Credit Card,Yes,No,Karnataka,No,No,No,31,51.59999847412109,0,54.93999862670898,0.0,106.54000091552734,No,Deal 5,1
58,Others,Others,Month-to-Month,41795-UTT,Joined,No,Female,No,,No,19.75,No,5,No,No,No,Credit Card,Yes,No,Uttar Pradesh,No,No,No,10,19.75,0,41.27999877929688,0.0,61.02999877929688,No,,1
32,Others,Others,Month-to-Month,42089-MAH,Joined,No,Female,No,,No,20.700000762939453,No,2,No,No,No,Credit Card,Yes,No,Maharashtra,No,No,No,34,57.5,0,115.2300033569336,0.0,172.72999572753906,No,Deal 5,1
53,Others,Others,Month-to-Month,42358-BIH,Joined,No,Female,Yes,DSL,No,54.20000076293945,No,9,No,No,Yes,Bank Withdrawal,Yes,No,Bihar,No,No,Yes,35,140.39999389648438,0,124.13999938964844,0.0,264.5400085449219,Yes,,1
25,Others,Others,Month-to-Month,42574-ASS,Joined,No,Female,No,,No,19.549999237060547,No,5,No,No,No,Credit Card,Yes,No,Assam,No,No,No,3,19.549999237060547,0,8.229999542236328,0.0,27.780000686645508,No,,1
45,Others,Others,Month-to-Month,42768-TAM,Joined,No,Female,No,,No,19.39999961853028,No,13,No,No,No,Credit Card,Yes,No,Tamil Nadu,No,No,No,14,19.39999961853028,0,2.8499999046325684,0.0,22.25,No,,1
29,Others,Others,Month-to-Month,42864-ODI,Joined,No,Female,Yes,DSL,No,30.25,No,2,Yes,No,Yes,Mailed Check,No,No,Odisha,No,No,No,10,63.75,0,0.0,0.0,63.75,Yes,Deal 5,1
60,Others,Others,Month-to-Month,43297-MAH,Joined,No,Male,Yes,Cable,No,50.20000076293945,No,12,No,No,Yes,Credit Card,Yes,Yes,Maharashtra,No,No,No,18,109.25,10,12.68000030517578,0.0,131.92999267578125,No,,1
23,Others,Others,Month-to-Month,43877-PUN,Joined,Yes,Male,Yes,DSL,No,60.84999847412109,No,6,No,No,No,Bank Withdrawal,Yes,No,Punjab,Yes,Yes,No,3,111.4000015258789,0,30.5,0.0,141.89999389648438,Yes,,1
36,Others,Others,Month-to-Month,43908-WES,Joined,No,Male,Yes,Fiber Optic,No,70.3499984741211,No,3,No,No,No,Bank Withdrawal,Yes,No,West Bengal,No,No,No,25,139.25,0,89.54000091552734,0.0,228.7899932861328,Yes,,1
38,Others,Others,Month-to-Month,43920-RAJ,Joined,No,Female,Yes,Cable,No,49.900001525878906,No,9,No,Yes,No,Credit Card,Yes,No,Rajasthan,No,No,No,3,49.900001525878906,0,9.0,0.0,58.900001525878906,Yes,Deal 5,1
50,Others,Others,Month-to-Month,44202-TEL,Joined,No,Female,Yes,Fiber Optic,Yes,69.94999694824219,No,9,No,No,Yes,Credit Card,Yes,No,Telangana,No,No,No,14,69.94999694824219,0,11.449999809265137,0.0,81.4000015258789,Yes,,1
25,Others,Others,Month-to-Month,44208-AND,Joined,Yes,Female,Yes,DSL,Yes,69.1500015258789,Yes,2,Yes,No,Yes,Bank Withdrawal,Yes,No,Andhra Pradesh,No,No,Yes,20,235.0,0,72.83999633789062,0.0,307.8399963378906,No,,1
41,Others,Others,Month-to-Month,44655-TEL,Joined,No,Male,Yes,DSL,Yes,50.5,No,0,No,No,Yes,Mailed Check,Yes,Yes,Telangana,No,No,No,25,147.75,0,79.13999938964844,0.0,226.88999938964844,Yes,,1
48,Others,Others,Month-to-Month,44700-DEL,Joined,No,Female,Yes,Fiber Optic,No,84.5999984741211,Yes,10,No,No,Yes,Bank Withdrawal,Yes,No,Delhi,No,No,Yes,19,84.5999984741211,0,7.340000152587891,0.0,91.94000244140624,No,Deal 5,1
72,Others,Others,Month-to-Month,44709-WES,Joined,No,Female,Yes,DSL,Yes,30.75,No,7,Yes,No,Yes,Bank Withdrawal,No,No,West Bengal,No,No,No,17,82.8499984741211,0,0.0,0.0,82.8499984741211,Yes,,1
25,Others,Others,Month-to-Month,45038-BIH,Joined,No,Female,Yes,Fiber Optic,Yes,74.55000305175781,No,7,No,Yes,Yes,Bank Withdrawal,Yes,No,Bihar,No,No,No,14,233.6499938964844,0,30.299999237060547,0.0,263.95001220703125,Yes,,1
25,Others,Others,Month-to-Month,45213-AND,Joined,No,Female,Yes,Cable,Yes,61.20000076293945,No,15,No,Yes,Yes,Credit Card,Yes,No,Andhra Pradesh,Yes,Yes,No,5,125.9499969482422,0,64.12000274658203,0.0,190.07000732421875,Yes,Deal 5,1
44,Others,Others,Month-to-Month,45561-MAH,Joined,No,Female,No,,Yes,20.0,No,6,No,No,Yes,Mailed Check,Yes,No,Maharashtra,No,No,No,7,40.900001525878906,0,86.54000091552734,0.0,127.44000244140624,No,Deal 5,1
29,Others,Others,Month-to-Month,45672-TAM,Joined,No,Female,No,,No,20.200000762939453,No,0,No,No,No,Mailed Check,Yes,No,Tamil Nadu,No,No,No,2,20.200000762939453,0,42.150001525878906,0.0,62.34999847412109,No,,1
50,Others,Others,Month-to-Month,45771-KAR,Joined,No,Female,Yes,DSL,No,44.45000076293945,No,3,No,No,No,Credit Card,Yes,No,Karnataka,No,No,No,7,44.45000076293945,0,23.34000015258789,0.0,67.79000091552734,Yes,,1
38,Others,Others,Month-to-Month,45978-GUJ,Joined,No,Female,No,,Yes,20.75,No,2,No,No,No,Credit Card,Yes,No,Gujarat,No,No,No,19,44.20000076293945,0,55.34000015258789,0.0,99.54000091552734,No,,1
25,Others,Others,Month-to-Month,46004-TAM,Joined,No,Male,Yes,DSL,Yes,-8.0,No,1,No,No,No,Bank Withdrawal,Yes,Yes,Tamil Nadu,Yes,Yes,Yes,6,132.39999389648438,0,47.040000915527344,0.0,179.44000244140625,Yes,,1
41,Others,Others,Month-to-Month,46081-TAM,Joined,No,Male,Yes,DSL,Yes,45.150001525878906,No,14,No,No,No,Credit Card,Yes,No,Tamil Nadu,No,No,No,29,45.150001525878906,0,42.34000015258789,0.0,87.48999786376953,Yes,,1
27,Others,Others,Month-to-Month,46190-GUJ,Joined,No,Male,Yes,DSL,Yes,55.54999923706055,No,0,No,No,No,Mailed Check,Yes,No,Gujarat,Yes,Yes,No,36,55.54999923706055,30,33.31999969482422,0.0,118.87000274658205,No,Deal 5,1
59,Others,Others,Month-to-Month,46378-MAH,Joined,No,Female,Yes,Fiber Optic,Yes,70.4000015258789,No,15,No,No,Yes,Credit Card,Yes,No,Maharashtra,No,No,No,10,154.8000030517578,0,14.979999542236328,0.0,169.77999877929688,Yes,,1
18,Others,Others,Month-to-Month,46730-ASS,Joined,No,Female,Yes,Fiber Optic,No,74.75,No,5,Yes,No,Yes,Bank Withdrawal,Yes,No,Assam,No,No,No,4,144.8000030517578,0,87.12000274658203,0.0,231.9199981689453,Yes,Deal 5,1
59,Others,Others,Month-to-Month,46792-MAD,Joined,Yes,Female,Yes,DSL,Yes,35.900001525878906,No,6,No,No,No,Credit Card,No,Yes,Madhya Pradesh,No,No,No,25,35.900001525878906,0,0.0,0.0,35.900001525878906,Yes,Deal 5,1
18,Others,Others,Month-to-Month,46865-PUN,Joined,No,Female,Yes,Fiber Optic,No,79.44999694824219,Yes,11,Yes,No,Yes,Bank Withdrawal,Yes,No,Punjab,No,No,No,1,145.14999389648438,0,57.220001220703125,0.0,202.3699951171875,Yes,Deal 5,1
60,Others,Others,Month-to-Month,47133-ODI,Joined,No,Female,Yes,Cable,Yes,44.59999847412109,No,15,No,No,No,Bank Withdrawal,Yes,No,Odisha,No,No,No,8,122.6999969482422,0,46.77000045776367,0.0,169.47000122070312,Yes,,1
30,Others,Others,Month-to-Month,47492-AND,Joined,No,Female,No,,Yes,20.14999961853028,No,15,No,No,Yes,Bank Withdrawal,Yes,No,Andhra Pradesh,No,No,No,24,20.14999961853028,0,18.6299991607666,0.0,38.77999877929688,No,Deal 5,1
25,Others,Others,Month-to-Month,47611-WES,Joined,No,Male,Yes,DSL,No,55.25,No,4,No,No,Yes,Bank Withdrawal,Yes,No,West Bengal,Yes,Yes,No,31,55.25,60,39.18999862670898,0.0,154.44000244140625,No,,1
62,Others,Others,Month-to-Month,47624-TAM,Joined,No,Female,Yes,DSL,Yes,-5.0,No,7,No,No,No,Mailed Check,Yes,No,Tamil Nadu,Yes,Yes,No,29,189.1000061035156,0,100.58999633789062,0.0,289.69000244140625,Yes,,1
42,Others,Others,Month-to-Month,47737-UTT,Joined,No,Male,No,,No,19.64999961853028,No,15,No,No,No,Credit Card,Yes,No,Uttar Pradesh,No,No,No,25,19.64999961853028,0,16.90999984741211,0.0,36.560001373291016,No,,1
26,Others,Others,Month-to-Month,47957-GUJ,Joined,No,Female,No,,No,20.450000762939453,No,4,No,No,Yes,Credit Card,Yes,No,Gujarat,No,No,No,2,20.450000762939453,0,42.16999816894531,0.0,62.619998931884766,No,Deal 5,1
39,Others,Others,Month-to-Month,48018-RAJ,Joined,No,Male,No,,No,19.549999237060547,No,1,No,No,No,Credit Card,Yes,No,Rajasthan,No,No,No,14,19.549999237060547,0,30.6299991607666,0.0,50.18000030517578,No,,1
38,Others,Others,Month-to-Month,48939-BIH,Joined,No,Female,Yes,DSL,Yes,49.95000076293945,No,1,Yes,No,No,Bank Withdrawal,Yes,No,Bihar,No,No,No,6,49.95000076293945,0,44.97999954223633,0.0,94.93000030517578,Yes,,1
37,Others,Others,Month-to-Month,49201-GUJ,Joined,No,Female,Yes,DSL,No,29.89999961853028,No,11,No,Yes,No,Credit Card,No,No,Gujarat,No,No,No,30,29.89999961853028,0,0.0,0.0,29.89999961853028,Yes,,1
18,Others,Others,Month-to-Month,49265-BIH,Joined,Yes,Female,Yes,Cable,Yes,55.900001525878906,No,4,No,Yes,No,Credit Card,Yes,No,Bihar,No,Yes,No,4,157.5500030517578,0,99.83999633789062,0.0,257.3900146484375,Yes,Deal 5,1
32,Others,Others,Month-to-Month,49304-KAR,Joined,No,Female,Yes,DSL,Yes,49.79999923706055,Yes,6,No,No,Yes,Credit Card,Yes,No,Karnataka,No,No,No,33,49.79999923706055,0,3.9700000286102295,0.0,53.77000045776367,Yes,,1
28,Others,Others,Month-to-Month,51214-MAH,Joined,Yes,Male,Yes,Fiber Optic,No,73.5999984741211,No,12,No,No,Yes,Credit Card,Yes,No,Maharashtra,No,No,No,22,232.5,10,82.0199966430664,0.0,324.5199890136719,No,,1
26,Others,Others,Month-to-Month,51597-MAD,Joined,No,Female,No,,Yes,19.89999961853028,No,10,No,No,No,Credit Card,Yes,No,Madhya Pradesh,No,No,No,18,19.89999961853028,0,1.5,0.0,21.39999961853028,No,,1
54,Others,Others,Month-to-Month,51657-TAM,Joined,No,Male,No,,No,20.850000381469727,No,13,No,No,No,Credit Card,Yes,No,Tamil Nadu,No,No,No,16,60.650001525878906,0,58.7400016784668,0.0,119.38999938964844,No,,1
62,Others,Others,Month-to-Month,51751-KER,Joined,No,Female,Yes,Fiber Optic,No,70.1500015258789,No,9,No,No,Yes,Bank Withdrawal,Yes,No,Kerala,No,No,No,25,123.8000030517578,0,67.5,0.0,191.3000030517578,Yes,,1
47,Others,Others,Month-to-Month,51961-BIH,Joined,No,Male,Yes,DSL,No,50.95000076293945,No,9,No,Yes,No,Credit Card,Yes,No,Bihar,No,No,No,25,123.0500030517578,0,73.91999816894531,0.0,196.97000122070312,Yes,Deal 5,1
53,Others,Others,Month-to-Month,52279-TAM,Joined,No,Male,Yes,Fiber Optic,No,80.69999694824219,No,15,No,No,Yes,Bank Withdrawal,Yes,No,Tamil Nadu,No,No,Yes,26,239.4499969482422,0,71.16000366210938,0.0,310.6099853515625,Yes,Deal 5,1
44,Others,Others,Month-to-Month,52641-JHA,Joined,No,Female,Yes,Fiber Optic,Yes,71.0999984741211,No,7,No,No,No,Mailed Check,Yes,No,Jharkhand,No,No,No,29,71.0999984741211,0,37.5099983215332,0.0,108.61000061035156,Yes,,1
52,Others,Others,Month-to-Month,52695-UTT,Joined,No,Female,No,,No,20.350000381469727,No,14,No,No,No,Credit Card,Yes,No,Uttar Pradesh,No,No,No,34,35.099998474121094,0,4.920000076293945,0.0,40.02000045776367,No,,1
35,Others,Others,Month-to-Month,53295-WES,Joined,No,Female,No,,No,25.700000762939453,Yes,7,No,No,Yes,Bank Withdrawal,Yes,No,West Bengal,No,No,No,33,25.700000762939453,0,43.84000015258789,0.0,69.54000091552734,No,Deal 5,1
37,Others,Others,Month-to-Month,53350-TEL,Joined,No,Male,Yes,Fiber Optic,Yes,74.5,Yes,6,No,No,No,Bank Withdrawal,Yes,No,Telangana,No,No,No,22,217.4499969482422,0,20.90999984741211,0.0,238.3600006103516,Yes,,1
52,Others,Others,Month-to-Month,53449-MAH,Joined,No,Female,No,,No,19.89999961853028,No,8,No,No,No,Credit Card,Yes,No,Maharashtra,No,No,No,17,19.89999961853028,0,2.380000114440918,0.0,22.280000686645508,No,,1
39,Others,Others,Month-to-Month,53612-UTT,Joined,No,Female,No,,Yes,20.850000381469727,No,8,No,No,No,Credit Card,Yes,No,Uttar Pradesh,No,No,No,34,72.0,0,35.310001373291016,0.0,107.30999755859376,No,,1
36,Others,Others,Month-to-Month,53764-WES,Joined,No,Male,Yes,Cable,No,24.89999961853028,No,10,No,No,Yes,Credit Card,No,No,West Bengal,No,No,No,23,24.89999961853028,0,0.0,0.0,24.89999961853028,Yes,,1
36,Others,Others,Month-to-Month,53815-BIH,Joined,No,Female,No,,No,19.700000762939453,No,2,No,No,No,Credit Card,Yes,No,Bihar,No,No,No,4,19.700000762939453,0,34.279998779296875,0.0,53.97999954223633,No,,1
64,Others,Others,Month-to-Month,54172-RAJ,Joined,No,Female,Yes,DSL,Yes,56.54999923706055,Yes,0,Yes,No,Yes,Credit Card,Yes,No,Rajasthan,No,No,No,9,118.25,0,63.47999954223633,0.0,181.72999572753903,Yes,Deal 5,1
61,Others,Others,Month-to-Month,54195-MAH,Joined,No,Female,No,,Yes,19.75,No,11,No,No,No,Bank Withdrawal,Yes,No,Maharashtra,No,No,No,23,19.75,0,37.619998931884766,0.0,57.369998931884766,No,,1
55,Others,Others,Month-to-Month,54564-AND,Joined,No,Female,Yes,Fiber Optic,Yes,76.0999984741211,Yes,11,No,No,No,Bank Withdrawal,Yes,No,Andhra Pradesh,No,No,No,7,257.6000061035156,0,43.04999923706055,0.0,300.6499938964844,Yes,,1
59,Others,Others,Month-to-Month,54598-TAM,Joined,No,Male,No,,No,19.75,No,11,No,No,No,Credit Card,Yes,No,Tamil Nadu,No,No,No,32,39.29999923706055,0,3.940000057220459,0.0,43.2400016784668,No,,1
55,Others,Others,Month-to-Month,54997-UTT,Joined,No,Female,Yes,DSL,No,44.0,No,7,No,No,Yes,Credit Card,Yes,No,Uttar Pradesh,No,No,No,23,44.0,0,26.14999961853028,0.0,70.1500015258789,Yes,,1
43,Others,Others,Month-to-Month,55043-UTT,Joined,No,Male,Yes,Fiber Optic,Yes,69.9000015258789,No,8,No,No,Yes,Bank Withdrawal,Yes,No,Uttar Pradesh,No,No,No,17,69.9000015258789,10,9.359999656677246,0.0,89.26000213623047,No,,1
32,Others,Others,Month-to-Month,55757-KAR,Joined,Yes,Female,Yes,Cable,Yes,55.79999923706055,No,2,No,No,Yes,Mailed Check,Yes,Yes,Karnataka,No,No,No,9,154.5500030517578,0,12.56999969482422,0.0,167.1199951171875,Yes,Deal 5,1
43,Others,Others,Month-to-Month,55831-TAM,Joined,No,Male,No,,No,19.950000762939453,No,11,No,No,No,Mailed Check,Yes,No,Tamil Nadu,No,No,No,13,58.29999923706055,0,15.449999809265137,0.0,73.75,No,Deal 5,1
40,Others,Others,Month-to-Month,56256-UTT,Joined,No,Male,Yes,Fiber Optic,No,70.30000305175781,No,14,No,No,Yes,Credit Card,Yes,No,Uttar Pradesh,No,No,No,15,220.3999938964844,0,29.21999931335449,0.0,249.6199951171875,Yes,,1
38,Others,Others,Month-to-Month,56460-MAH,Joined,No,Male,Yes,Fiber Optic,Yes,-1.0,No,12,No,No,No,Credit Card,Yes,No,Maharashtra,No,No,No,23,129.1999969482422,10,5.440000057220459,0.0,144.63999938964844,No,Deal 5,1
29,Others,Others,Month-to-Month,56554-RAJ,Joined,No,Female,No,,Yes,19.75,No,0,No,No,Yes,Credit Card,Yes,No,Rajasthan,No,No,No,11,19.75,0,10.220000267028809,0.0,29.96999931335449,No,Deal 5,1
40,Others,Others,Month-to-Month,56728-RAJ,Joined,No,Male,Yes,DSL,No,45.59999847412109,No,0,No,No,No,Credit Card,Yes,No,Rajasthan,No,No,No,1,45.59999847412109,0,37.43999862670898,0.0,83.04000091552734,Yes,,1
18,Others,Others,Month-to-Month,57256-BIH,Joined,No,Female,No,,No,19.850000381469727,No,9,No,No,No,Credit Card,Yes,No,Bihar,No,No,No,7,57.20000076293945,0,9.359999656677246,0.0,66.55999755859375,No,,1
46,Others,Others,Month-to-Month,57457-MAD,Joined,No,Female,No,,No,20.0,No,14,No,No,No,Mailed Check,Yes,No,Madhya Pradesh,No,No,No,34,38.0,0,68.76000213623047,0.0,106.76000213623048,No,,1
31,Others,Others,Month-to-Month,58044-KAR,Joined,No,Female,No,,No,20.350000381469727,No,5,No,No,No,Credit Card,Yes,No,Karnataka,No,No,No,13,41.84999847412109,0,10.84000015258789,0.0,52.68999862670898,No,Deal 5,1
44,Others,Others,Month-to-Month,58577-ODI,Joined,No,Female,Yes,DSL,Yes,45.84999847412109,No,7,No,No,Yes,Credit Card,Yes,No,Odisha,No,No,No,36,105.5999984741211,0,10.9399995803833,0.0,116.54000091552734,Yes,Deal 5,1
58,Others,Others,Month-to-Month,58848-PUN,Joined,No,Male,Yes,Cable,Yes,49.79999923706055,No,14,No,Yes,Yes,Credit Card,Yes,No,Punjab,No,No,No,18,49.79999923706055,0,38.209999084472656,0.0,88.01000213623047,Yes,,1
34,Others,Others,Month-to-Month,58974-MAD,Joined,No,Male,No,,No,20.299999237060547,No,11,No,No,No,Credit Card,Yes,No,Madhya Pradesh,No,No,No,14,41.20000076293945,0,25.36000061035156,0.0,66.55999755859375,No,,1
49,Others,Others,Month-to-Month,59750-AND,Joined,No,Female,Yes,Fiber Optic,Yes,74.9000015258789,Yes,11,No,No,Yes,Credit Card,Yes,No,Andhra Pradesh,No,No,No,4,136.0500030517578,0,82.16000366210938,0.0,218.2100067138672,Yes,,1
45,Others,Others,Month-to-Month,61025-MAH,Joined,Yes,Female,Yes,DSL,No,49.84999847412109,No,4,No,No,Yes,Bank Withdrawal,Yes,No,Maharashtra,No,No,No,16,49.84999847412109,0,42.54999923706055,0.0,92.4000015258789,Yes,Deal 5,1
19,Others,Others,Month-to-Month,61203-PUN,Joined,No,Female,Yes,Cable,No,64.5999984741211,Yes,11,No,No,No,Bank Withdrawal,Yes,Yes,Punjab,No,No,Yes,11,174.1999969482422,0,122.97000122070312,0.0,297.1700134277344,Yes,,1
36,Others,Others,Month-to-Month,61331-UTT,Joined,No,Male,Yes,DSL,Yes,50.75,No,2,No,Yes,Yes,Credit Card,Yes,No,Uttarakhand,No,No,No,10,50.75,0,45.77000045776367,0.0,96.5199966430664,Yes,Deal 5,1
52,Others,Others,Month-to-Month,61474-TEL,Joined,No,Male,No,,Yes,20.350000381469727,No,11,No,No,No,Credit Card,Yes,No,Telangana,No,No,No,17,20.350000381469727,0,31.96999931335449,0.0,52.31999969482422,No,,1
48,Others,Others,Month-to-Month,62359-AND,Joined,No,Female,Yes,Cable,Yes,33.599998474121094,No,5,Yes,No,No,Credit Card,No,Yes,Andhra Pradesh,No,No,No,24,33.599998474121094,50,0.0,0.0,83.5999984741211,No,Deal 5,1
20,Others,Others,Month-to-Month,62497-BIH,Joined,No,Female,No,,No,20.75,No,0,No,No,Yes,Credit Card,Yes,No,Bihar,No,No,No,2,67.0999984741211,0,49.16999816894531,0.0,116.2699966430664,No,Deal 5,1
42,Others,Others,Month-to-Month,62535-AND,Joined,No,Male,Yes,Cable,No,70.69999694824219,No,8,No,No,No,Credit Card,Yes,Yes,Andhra Pradesh,Yes,Yes,Yes,22,225.6499938964844,0,75.12000274658203,0.0,300.7699890136719,Yes,Deal 5,1
33,Others,Others,Month-to-Month,62842-HAR,Joined,No,Male,No,,Yes,19.299999237060547,No,11,No,No,No,Credit Card,Yes,No,Haryana,No,No,No,25,44.400001525878906,0,99.81999969482422,0.0,144.22000122070312,No,,1
18,Others,Others,Month-to-Month,62968-UTT,Joined,No,Female,Yes,Cable,No,59.54999923706055,No,4,No,No,Yes,Credit Card,Yes,Yes,Uttar Pradesh,Yes,Yes,No,3,59.54999923706055,0,41.38999938964844,0.0,100.94000244140624,Yes,,1
48,Others,Others,Month-to-Month,63464-AND,Joined,No,Male,Yes,DSL,No,60.650001525878906,No,7,No,No,No,Credit Card,Yes,Yes,Andhra Pradesh,Yes,Yes,No,5,196.8999938964844,0,67.47000122070312,0.0,264.3699951171875,Yes,,1
36,Others,Others,Month-to-Month,63487-MAH,Joined,No,Female,Yes,Cable,Yes,44.75,No,8,No,No,No,Credit Card,Yes,No,Maharashtra,No,No,No,34,44.75,0,40.869998931884766,0.0,85.62000274658203,Yes,,1
33,Others,Others,Month-to-Month,63883-KAR,Joined,No,Female,No,,Yes,20.450000762939453,No,12,No,No,Yes,Mailed Check,Yes,No,Karnataka,No,No,No,26,42.45000076293945,0,94.37999725341795,0.0,136.8300018310547,No,,1
59,Others,Others,Month-to-Month,64327-AND,Joined,No,Female,No,,Yes,20.64999961853028,No,8,No,No,Yes,Credit Card,Yes,No,Andhra Pradesh,No,No,No,9,20.64999961853028,0,35.2400016784668,0.0,55.88999938964844,No,,1
55,Others,Others,Month-to-Month,65531-MAH,Joined,No,Female,No,,No,19.799999237060547,No,10,No,No,No,Credit Card,Yes,No,Maharashtra,No,No,No,22,19.799999237060547,0,11.960000038146973,0.0,31.76000022888184,No,,1
54,Others,Others,Month-to-Month,65580-UTT,Joined,No,Male,No,,No,19.100000381469727,No,6,No,No,Yes,Credit Card,Yes,No,Uttar Pradesh,No,No,No,2,53.04999923706055,0,48.959999084472656,0.0,102.01000213623048,No,,1
52,Others,Others,Month-to-Month,65987-TAM,Joined,No,Male,Yes,DSL,Yes,61.150001525878906,Yes,9,Yes,Yes,No,Bank Withdrawal,Yes,No,Tamil Nadu,No,No,No,34,61.150001525878906,0,17.06999969482422,0.0,78.22000122070312,Yes,Deal 5,1
62,Others,Others,Month-to-Month,66164-CHH,Joined,No,Female,No,,No,19.39999961853028,No,13,No,No,No,Credit Card,Yes,No,Chhattisgarh,No,No,No,20,61.04999923706055,0,13.300000190734863,0.0,74.3499984741211,No,,1
53,Others,Others,Month-to-Month,66413-TAM,Joined,No,Female,Yes,Fiber Optic,No,80.5,No,12,No,No,Yes,Bank Withdrawal,Yes,No,Tamil Nadu,No,No,Yes,4,232.3500061035156,0,80.58000183105469,0.0,312.92999267578125,No,,1
58,Others,Others,Month-to-Month,66612-KAR,Joined,No,Female,No,,Yes,19.950000762939453,No,11,No,No,No,Credit Card,Yes,No,Karnataka,No,No,No,18,58.0,0,8.069999694824219,0.0,66.06999969482422,No,,1
44,Others,Others,Month-to-Month,66669-HAR,Joined,No,Male,Yes,Cable,No,44.04999923706055,No,12,No,No,Yes,Bank Withdrawal,Yes,No,Haryana,No,No,No,32,44.04999923706055,0,30.729999542236328,0.0,74.77999877929688,Yes,Deal 5,1
47,Others,Others,Month-to-Month,66712-GUJ,Joined,No,Female,Yes,Fiber Optic,Yes,84.30000305175781,No,6,Yes,No,No,Bank Withdrawal,Yes,No,Gujarat,Yes,Yes,No,33,235.0500030517578,0,41.15999984741211,0.0,276.2099914550781,Yes,Deal 5,1
47,Others,Others,Month-to-Month,66749-KER,Joined,No,Female,No,,No,20.75,No,9,No,No,No,Credit Card,Yes,No,Kerala,No,No,No,5,20.75,0,36.27999877929688,0.0,57.02999877929688,No,,1
38,Others,Others,Month-to-Month,66766-UTT,Joined,No,Female,Yes,Fiber Optic,No,74.94999694824219,Yes,6,No,No,Yes,Bank Withdrawal,Yes,No,Uttar Pradesh,No,No,No,10,212.3999938964844,0,4.920000076293945,27.600000381469727,189.72000122070312,Yes,Deal 5,1
25,Others,Others,Month-to-Month,66868-HAR,Joined,No,Female,Yes,Fiber Optic,Yes,70.25,No,13,No,No,Yes,Bank Withdrawal,Yes,No,Haryana,No,No,No,10,70.25,10,10.050000190734863,0.0,90.3000030517578,No,,1
28,Others,Others,Month-to-Month,67752-MAH,Joined,No,Female,Yes,Cable,No,45.29999923706055,No,0,No,No,No,Credit Card,Yes,No,Maharashtra,No,No,No,24,45.29999923706055,0,47.36000061035156,0.0,92.66000366210938,Yes,,1
44,Others,Others,Month-to-Month,67882-UTT,Joined,No,Female,Yes,DSL,No,43.79999923706055,No,3,No,No,No,Bank Withdrawal,Yes,No,Uttar Pradesh,No,No,No,16,43.79999923706055,0,37.5,0.0,81.30000305175781,Yes,Deal 5,1
46,Others,Others,Month-to-Month,67941-PUN,Joined,No,Female,Yes,DSL,No,54.150001525878906,Yes,9,Yes,No,No,Credit Card,Yes,No,Punjab,No,No,No,13,101.6500015258789,10,42.59999847412109,0.0,154.25,No,Deal 5,1
68,Others,Others,Month-to-Month,68556-MAH,Joined,No,Male,No,,No,20.200000762939453,No,4,No,No,No,Credit Card,Yes,No,Maharashtra,No,No,No,23,20.200000762939453,0,13.079999923706056,0.0,33.279998779296875,No,,1
48,Others,Others,Month-to-Month,68826-MAH,Joined,No,Male,Yes,Cable,No,24.700000762939453,No,14,No,No,Yes,Bank Withdrawal,No,No,Maharashtra,No,No,No,1,24.700000762939453,0,0.0,0.0,24.700000762939453,No,,1
38,Others,Others,Month-to-Month,71197-PUN,Joined,Yes,Female,Yes,Cable,No,77.4000015258789,No,0,No,Yes,Yes,Bank Withdrawal,Yes,No,Punjab,Yes,Yes,Yes,33,206.1499938964844,0,133.25999450683594,0.0,339.4100036621094,Yes,Deal 5,1
58,Others,Others,Month-to-Month,71210-WES,Joined,No,Female,No,,No,19.850000381469727,No,15,No,No,No,Credit Card,Yes,No,West Bengal,No,No,No,28,19.850000381469727,0,29.100000381469727,0.0,48.95000076293945,No,,1
44,Others,Others,Month-to-Month,71234-HAR,Joined,No,Female,No,,No,19.39999961853028,No,10,No,No,Yes,Credit Card,Yes,No,Haryana,No,No,No,34,19.39999961853028,0,23.96999931335449,0.0,43.369998931884766,No,,1
59,Others,Others,Month-to-Month,71261-TAM,Joined,No,Female,Yes,Cable,No,70.44999694824219,No,2,Yes,Yes,Yes,Bank Withdrawal,Yes,Yes,Tamil Nadu,Yes,Yes,No,27,70.44999694824219,0,20.100000381469727,0.0,90.5500030517578,Yes,,1
40,Others,Others,Month-to-Month,71509-HAR,Joined,No,Female,Yes,DSL,No,54.650001525878906,No,3,No,No,Yes,Bank Withdrawal,Yes,No,Haryana,No,No,Yes,27,54.650001525878906,0,36.33000183105469,0.0,90.9800033569336,Yes,,1
48,Others,Others,Month-to-Month,71564-KAR,Joined,No,Female,No,,No,19.049999237060547,No,6,No,No,No,Credit Card,Yes,No,Karnataka,No,No,No,5,19.049999237060547,0,5.019999980926514,0.0,24.06999969482422,No,,1
42,Others,Others,Month-to-Month,71689-PUN,Joined,No,Female,Yes,DSL,Yes,43.95000076293945,No,3,No,No,No,Credit Card,Yes,No,Punjab,No,No,No,19,43.95000076293945,0,45.59000015258789,0.0,89.54000091552734,Yes,,1
51,Others,Others,Month-to-Month,71752-TEL,Joined,No,Female,No,,No,19.89999961853028,No,4,No,No,No,Bank Withdrawal,Yes,No,Telangana,No,No,No,2,57.400001525878906,0,53.79999923706055,0.0,111.1999969482422,No,Deal 5,1
53,Others,Others,Month-to-Month,72357-MAD,Joined,No,Female,Yes,DSL,No,44.29999923706055,No,14,No,No,Yes,Credit Card,Yes,No,Madhya Pradesh,No,No,No,12,44.29999923706055,0,42.95000076293945,0.0,87.25,Yes,Deal 5,1
35,Others,Others,Month-to-Month,72391-UTT,Joined,No,Male,Yes,DSL,No,35.0,No,1,No,No,No,Bank Withdrawal,No,No,Uttar Pradesh,Yes,Yes,No,7,35.0,0,0.0,0.0,35.0,Yes,,1
56,Others,Others,Month-to-Month,72469-MAD,Joined,Yes,Male,Yes,Cable,No,55.70000076293945,No,9,No,Yes,No,Credit Card,Yes,No,Madhya Pradesh,No,No,No,9,55.70000076293945,0,17.68000030517578,0.0,73.37999725341797,Yes,,1
23,Others,Others,Month-to-Month,73044-KAR,Joined,No,Male,Yes,Fiber Optic,Yes,74.5999984741211,No,15,Yes,No,No,Credit Card,Yes,No,Karnataka,No,No,No,5,74.5999984741211,0,42.9900016784668,0.0,117.58999633789062,Yes,,1
38,Others,Others,Month-to-Month,73108-GUJ,Joined,No,Female,No,,Yes,20.25,No,6,No,No,No,Credit Card,Yes,No,Gujarat,No,No,No,12,36.79999923706055,0,31.65999984741211,0.0,68.45999908447266,No,,1
43,Others,Others,Month-to-Month,73547-KAR,Joined,No,Female,Yes,Fiber Optic,Yes,84.05000305175781,Yes,13,No,No,Yes,Bank Withdrawal,Yes,No,Karnataka,No,No,Yes,16,134.0500030517578,0,44.459999084472656,0.0,178.50999450683594,Yes,,1
45,Others,Others,Month-to-Month,74033-ASS,Joined,No,Female,Yes,Cable,Yes,25.25,No,15,No,No,No,Bank Withdrawal,No,No,Assam,No,No,No,20,25.25,0,0.0,0.0,25.25,Yes,,1
37,Others,Others,Month-to-Month,74378-KAR,Joined,No,Female,Yes,DSL,Yes,54.45000076293945,No,12,No,Yes,Yes,Credit Card,Yes,Yes,Karnataka,No,No,No,30,87.30000305175781,0,39.7400016784668,0.0,127.04000091552734,Yes,,1
27,Others,Others,Month-to-Month,74518-ODI,Joined,No,Female,Yes,DSL,No,44.45000076293945,No,13,No,No,No,Bank Withdrawal,Yes,No,Odisha,No,No,No,13,82.69999694824219,0,37.400001525878906,0.0,120.0999984741211,Yes,Deal 5,1
30,Others,Others,Month-to-Month,74651-WES,Joined,No,Female,Yes,DSL,Yes,29.200000762939453,No,7,Yes,No,No,Credit Card,No,No,West Bengal,No,No,No,23,98.5,0,0.0,0.0,98.5,Yes,,1
46,Others,Others,Month-to-Month,74804-WES,Joined,No,Female,Yes,Fiber Optic,No,69.5999984741211,No,0,No,No,Yes,Credit Card,Yes,No,West Bengal,No,No,No,5,207.3999938964844,20,86.91000366210938,0.0,314.3099975585937,No,,1
28,Others,Others,Month-to-Month,74978-MAH,Joined,No,Female,No,,Yes,19.75,No,1,No,No,No,Bank Withdrawal,Yes,No,Maharashtra,No,No,No,21,19.75,0,30.3799991607666,0.0,50.130001068115234,No,,1
49,Others,Others,Month-to-Month,74979-MAD,Joined,No,Female,Yes,Cable,Yes,29.049999237060547,No,10,No,No,No,Bank Withdrawal,No,Yes,Madhya Pradesh,No,No,No,14,44.75,0,0.0,0.0,44.75,Yes,Deal 5,1
34,Others,Others,Month-to-Month,75671-PUD,Joined,No,Female,Yes,Cable,Yes,45.400001525878906,No,8,No,No,Yes,Bank Withdrawal,Yes,No,Puducherry,No,No,No,13,80.94999694824219,0,21.6200008392334,0.0,102.56999969482422,Yes,,1
61,Others,Others,Month-to-Month,75802-MAH,Joined,No,Female,No,,No,20.049999237060547,No,4,No,No,No,Credit Card,Yes,No,Maharashtra,No,No,No,3,20.049999237060547,0,13.510000228881836,0.0,33.560001373291016,No,,1
46,Others,Others,Month-to-Month,76419-KAR,Joined,No,Male,Yes,Fiber Optic,Yes,94.9000015258789,Yes,14,No,No,No,Bank Withdrawal,Yes,No,Karnataka,Yes,Yes,Yes,28,273.20001220703125,0,8.90999984741211,0.0,282.1099853515625,Yes,,1
52,Others,Others,Month-to-Month,77137-MAH,Joined,No,Male,Yes,DSL,No,45.54999923706055,No,1,No,No,Yes,Mailed Check,Yes,No,Maharashtra,No,No,No,8,45.54999923706055,0,16.34000015258789,0.0,61.88999938964844,Yes,Deal 5,1
59,Others,Others,Month-to-Month,77230-RAJ,Joined,No,Female,No,,Yes,19.64999961853028,No,5,No,No,Yes,Bank Withdrawal,Yes,No,Rajasthan,No,No,No,4,31.200000762939453,0,15.600000381469728,0.0,46.79999923706055,No,,1
47,Others,Others,Month-to-Month,77311-MAD,Joined,No,Male,No,,Yes,20.25,No,9,No,No,No,Credit Card,Yes,No,Madhya Pradesh,No,No,No,19,20.25,0,40.459999084472656,0.0,60.709999084472656,No,Deal 5,1
44,Others,Others,Month-to-Month,77658-AND,Joined,No,Male,Yes,DSL,No,24.39999961853028,No,0,No,No,Yes,Bank Withdrawal,No,No,Andhra Pradesh,No,No,No,4,24.39999961853028,0,0.0,0.0,24.39999961853028,Yes,Deal 5,1
41,Others,Others,Month-to-Month,77678-JHA,Joined,No,Female,Yes,DSL,Yes,49.54999923706055,No,1,No,Yes,No,Bank Withdrawal,Yes,No,Jharkhand,No,No,No,29,49.54999923706055,0,10.829999923706056,0.0,60.380001068115234,Yes,,1
35,Others,Others,Month-to-Month,77688-TAM,Joined,No,Male,Yes,DSL,No,49.0,No,4,No,No,No,Credit Card,Yes,Yes,Tamil Nadu,No,No,No,13,49.0,0,49.18999862670898,0.0,98.19000244140624,Yes,,1
45,Others,Others,Month-to-Month,78021-UTT,Joined,No,Female,No,,Yes,25.0,Yes,12,No,No,Yes,Credit Card,Yes,No,Uttar Pradesh,No,No,No,35,25.0,0,3.390000104904175,0.0,28.38999938964844,No,Deal 5,1
21,Others,Others,Month-to-Month,78220-TAM,Joined,Yes,Female,Yes,Fiber Optic,Yes,89.8499984741211,No,14,No,No,Yes,Credit Card,Yes,Yes,Tamil Nadu,No,Yes,Yes,10,244.4499969482422,0,75.30000305175781,0.0,319.75,Yes,,1
63,Others,Others,Month-to-Month,78253-GUJ,Joined,No,Male,Yes,Fiber Optic,No,85.0,No,13,Yes,No,Yes,Bank Withdrawal,Yes,No,Gujarat,Yes,Yes,No,30,85.0,0,15.199999809265137,0.0,100.1999969482422,Yes,,1
43,Others,Others,Month-to-Month,78885-TAM,Joined,No,Female,No,,No,19.5,No,2,No,No,No,Credit Card,Yes,No,Tamil Nadu,No,No,No,5,19.5,0,20.11000061035156,0.0,39.61000061035156,No,Deal 5,1
59,Others,Others,Month-to-Month,78918-BIH,Joined,No,Female,Yes,Fiber Optic,No,86.05000305175781,No,12,No,Yes,Yes,Credit Card,Yes,No,Bihar,Yes,Yes,No,11,244.8500061035156,0,54.77999877929688,0.0,299.6300048828125,Yes,Deal 5,1
54,Others,Others,Month-to-Month,78978-UTT,Joined,No,Male,No,,No,19.299999237060547,No,0,No,No,No,Credit Card,Yes,No,Uttar Pradesh,No,No,No,13,19.299999237060547,0,16.360000610351562,0.0,35.65999984741211,No,Deal 5,1
39,Others,Others,Month-to-Month,79342-KAR,Joined,No,Female,Yes,DSL,Yes,64.4000015258789,No,5,No,Yes,Yes,Credit Card,Yes,Yes,Karnataka,No,No,Yes,22,195.6499938964844,0,114.1500015258789,0.0,309.79998779296875,Yes,,1
67,Others,Others,Month-to-Month,79427-KAR,Joined,No,Male,Yes,Fiber Optic,Yes,70.0999984741211,No,12,No,No,No,Bank Withdrawal,Yes,No,Karnataka,No,No,No,21,141.64999389648438,0,69.9800033569336,0.0,211.6300048828125,Yes,Deal 5,1
53,Others,Others,Month-to-Month,79700-KER,Joined,Yes,Female,Yes,Fiber Optic,No,107.9499969482422,Yes,5,Yes,No,No,Mailed Check,Yes,No,Kerala,Yes,Yes,Yes,30,313.6000061035156,0,142.5,0.0,456.1000061035156,Yes,,1
77,Others,Others,Month-to-Month,79777-MAH,Joined,No,Male,Yes,Fiber Optic,Yes,72.5999984741211,Yes,13,No,No,Yes,Mailed Check,Yes,No,Maharashtra,No,No,No,33,154.3000030517578,0,30.3799991607666,0.0,184.67999267578125,Yes,,1
24,Others,Others,Month-to-Month,79905-UTT,Joined,No,Female,No,,No,20.450000762939453,No,0,No,No,No,Credit Card,Yes,No,Uttar Pradesh,No,No,No,12,20.450000762939453,0,30.09000015258789,0.0,50.540000915527344,No,,1
31,Others,Others,Month-to-Month,81098-GUJ,Joined,No,Male,Yes,DSL,Yes,51.25,No,13,No,Yes,No,Credit Card,Yes,No,Gujarat,No,No,No,11,51.25,0,39.29999923706055,0.0,90.5500030517578,Yes,,1
31,Others,Others,Month-to-Month,81118-MAD,Joined,No,Female,Yes,Cable,No,45.79999923706055,No,1,No,No,Yes,Credit Card,Yes,No,Madhya Pradesh,No,No,No,13,45.79999923706055,0,13.619999885559082,0.0,59.41999816894531,Yes,,1
62,Others,Others,Month-to-Month,81169-TEL,Joined,No,Female,No,,Yes,18.850000381469727,No,4,No,No,No,Bank Withdrawal,Yes,No,Telangana,No,No,No,2,18.850000381469727,0,7.800000190734863,0.0,26.64999961853028,No,,1
42,Others,Others,Month-to-Month,81235-JHA,Joined,No,Female,Yes,DSL,Yes,44.900001525878906,No,9,No,No,Yes,Credit Card,Yes,No,Jharkhand,No,No,No,32,44.900001525878906,0,15.760000228881836,0.0,60.65999984741211,Yes,Deal 5,1
36,Others,Others,Month-to-Month,81763-DEL,Joined,Yes,Male,Yes,Fiber Optic,Yes,80.44999694824219,No,7,No,Yes,Yes,Bank Withdrawal,Yes,No,Delhi,No,No,No,7,137.10000610351562,0,70.81999969482422,0.0,207.9199981689453,Yes,,1
46,Others,Others,Month-to-Month,82010-WES,Joined,No,Female,Yes,Fiber Optic,No,79.55000305175781,Yes,14,Yes,No,No,Bank Withdrawal,Yes,No,West Bengal,No,No,No,7,151.75,0,51.119998931884766,0.0,202.8699951171875,Yes,Deal 5,1
69,Others,Others,Month-to-Month,82118-JAM,Joined,No,Female,Yes,Cable,Yes,24.200000762939453,No,3,No,No,No,Mailed Check,No,No,Jammu & Kashmir,No,No,No,6,24.200000762939453,0,0.0,0.0,24.200000762939453,Yes,Deal 5,1
26,Others,Others,Month-to-Month,82129-JHA,Joined,No,Female,Yes,DSL,No,58.70000076293945,No,9,Yes,No,Yes,Credit Card,Yes,No,Jharkhand,No,No,Yes,8,168.60000610351562,0,34.40999984741211,0.0,203.009994506836,Yes,Deal 5,1
41,Others,Others,Month-to-Month,82170-TAM,Joined,No,Male,Yes,DSL,No,44.59999847412109,No,5,No,No,No,Mailed Check,Yes,No,Tamil Nadu,No,No,No,29,44.59999847412109,0,45.27999877929688,0.0,89.87999725341797,Yes,,1
36,Others,Others,Month-to-Month,82427-MAH,Joined,No,Male,No,,No,19.549999237060547,No,15,No,No,No,Credit Card,Yes,No,Maharashtra,No,No,No,28,19.549999237060547,0,17.940000534057617,0.0,37.4900016784668,No,Deal 5,1
63,Others,Others,Month-to-Month,82473-AND,Joined,No,Male,Yes,DSL,Yes,29.799999237060547,No,10,Yes,No,No,Credit Card,No,No,Andhra Pradesh,No,No,No,1,94.4000015258789,0,0.0,0.0,94.4000015258789,Yes,Deal 5,1
34,Others,Others,Month-to-Month,82559-CHH,Joined,No,Male,Yes,DSL,Yes,64.19999694824219,No,0,Yes,No,Yes,Credit Card,Yes,Yes,Chhattisgarh,Yes,Yes,No,33,143.64999389648438,30,8.819999694824219,0.0,182.47000122070312,No,Deal 5,1
32,Others,Others,Month-to-Month,82718-TAM,Joined,No,Male,No,,Yes,20.700000762939453,No,12,No,No,No,Bank Withdrawal,Yes,No,Tamil Nadu,No,No,No,7,20.700000762939453,0,45.86000061035156,0.0,66.55999755859375,No,,1
38,Others,Others,Month-to-Month,82965-TEL,Joined,No,Female,Yes,Cable,No,44.75,No,8,No,No,No,Credit Card,Yes,No,Telangana,No,No,No,20,148.0500030517578,10,104.66999816894533,0.0,262.7200012207031,No,,1
54,Others,Others,Month-to-Month,83080-HAR,Joined,No,Female,Yes,Fiber Optic,No,70.1500015258789,No,9,No,No,Yes,Bank Withdrawal,Yes,No,Haryana,No,No,No,4,194.1999969482422,0,16.889999389648438,0.0,211.08999633789065,Yes,,1
35,Others,Others,Month-to-Month,83113-GUJ,Joined,No,Male,Yes,DSL,No,29.14999961853028,No,8,No,No,No,Credit Card,No,Yes,Gujarat,No,No,No,30,29.14999961853028,0,0.0,0.0,29.14999961853028,Yes,,1
61,Others,Others,Month-to-Month,83196-UTT,Joined,No,Female,Yes,Fiber Optic,Yes,80.55000305175781,Yes,3,No,Yes,No,Credit Card,Yes,No,Uttar Pradesh,No,No,No,10,188.1000061035156,0,10.600000381469728,0.0,198.6999969482422,Yes,,1
40,Others,Others,Month-to-Month,83308-TAM,Joined,No,Male,Yes,DSL,No,29.64999961853028,No,5,Yes,No,No,Mailed Check,No,No,Tamil Nadu,No,No,No,14,90.05000305175781,0,0.0,0.0,90.05000305175781,Yes,,1
53,Others,Others,Month-to-Month,83440-GUJ,Joined,No,Male,No,,No,20.0,No,4,No,No,No,Bank Withdrawal,Yes,No,Gujarat,No,No,No,14,49.650001525878906,0,93.18000030517578,0.0,142.8300018310547,No,,1
34,Others,Others,Month-to-Month,83486-MAH,Joined,Yes,Male,Yes,Fiber Optic,No,75.3499984741211,No,5,No,No,No,Credit Card,Yes,No,Maharashtra,No,No,No,4,75.3499984741211,0,38.88999938964844,0.0,114.23999786376952,Yes,Deal 5,1
43,Others,Others,Month-to-Month,83736-UTT,Joined,No,Male,Yes,DSL,Yes,45.34999847412109,No,1,No,No,No,Credit Card,Yes,No,Uttar Pradesh,No,No,No,25,45.34999847412109,0,12.460000038146973,0.0,57.810001373291016,Yes,,1
48,Others,Others,Month-to-Month,83817-UTT,Joined,No,Male,No,,No,21.049999237060547,No,8,No,No,Yes,Mailed Check,Yes,No,Uttar Pradesh,No,No,No,18,21.049999237060547,0,10.140000343322754,0.0,31.190000534057617,No,,1
42,Others,Others,Month-to-Month,83939-AND,Joined,No,Female,No,,No,20.100000381469727,No,8,No,No,No,Bank Withdrawal,Yes,No,Andhra Pradesh,No,No,No,27,43.150001525878906,0,65.72000122070312,0.0,108.87000274658205,No,,1
48,Others,Others,Month-to-Month,83994-DEL,Joined,No,Male,Yes,Fiber Optic,Yes,90.6999969482422,No,8,No,No,No,Credit Card,Yes,No,Delhi,Yes,Yes,Yes,24,237.6499938964844,0,16.170000076293945,0.0,253.82000732421875,Yes,,1
28,Others,Others,Month-to-Month,84508-TAM,Joined,No,Female,No,,Yes,21.100000381469727,No,11,No,No,No,Credit Card,Yes,No,Tamil Nadu,No,No,No,28,21.100000381469727,0,18.809999465942383,0.0,39.90999984741211,No,,1
46,Others,Others,Month-to-Month,84535-TAM,Joined,No,Male,No,,No,20.39999961853028,No,2,No,No,No,Mailed Check,Yes,No,Tamil Nadu,No,No,No,36,42.900001525878906,0,99.05999755859376,0.0,141.9600067138672,No,,1
59,Others,Others,Month-to-Month,84577-TEL,Joined,No,Female,Yes,Cable,Yes,59.0,No,11,Yes,No,Yes,Bank Withdrawal,Yes,No,Telangana,No,No,Yes,29,114.1500015258789,0,54.040000915527344,0.0,168.19000244140625,Yes,,1
30,Others,Others,Month-to-Month,84613-BIH,Joined,No,Female,Yes,Fiber Optic,No,79.1500015258789,Yes,8,Yes,No,Yes,Credit Card,Yes,No,Bihar,No,No,No,22,79.1500015258789,60,18.0,0.0,157.14999389648438,No,Deal 5,1
31,Others,Others,Month-to-Month,84687-PUN,Joined,No,Female,Yes,Cable,No,24.700000762939453,No,0,No,No,No,Credit Card,No,No,Punjab,No,No,No,18,24.700000762939453,70,0.0,0.0,94.6999969482422,No,Deal 5,1
55,Others,Others,Month-to-Month,84720-GUJ,Joined,No,Male,No,,Yes,19.200000762939453,No,11,No,No,No,Credit Card,Yes,No,Gujarat,No,No,No,6,19.200000762939453,0,32.779998779296875,0.0,51.97999954223633,No,,1
38,Others,Others,Month-to-Month,84770-UTT,Joined,No,Female,No,,Yes,20.14999961853028,No,2,No,No,No,Mailed Check,Yes,No,Uttar Pradesh,No,No,No,21,20.14999961853028,0,27.59000015258789,0.0,47.7400016784668,No,,1
46,Others,Others,Month-to-Month,84789-PUN,Joined,Yes,Male,Yes,Fiber Optic,No,107.9499969482422,No,9,Yes,No,Yes,Bank Withdrawal,Yes,Yes,Punjab,Yes,Yes,Yes,19,318.6000061035156,0,37.97999954223633,0.0,356.5799865722656,Yes,Deal 5,1
57,Others,Others,Month-to-Month,84843-MAD,Joined,No,Female,Yes,Fiber Optic,Yes,75.0999984741211,Yes,11,No,No,Yes,Bank Withdrawal,Yes,No,Madhya Pradesh,No,No,No,8,75.0999984741211,0,4.53000020980835,0.0,79.62999725341797,Yes,,1
57,Others,Others,Month-to-Month,85027-KAR,Joined,No,Male,No,,No,19.75,No,14,No,No,Yes,Credit Card,Yes,No,Karnataka,No,No,No,27,19.75,0,1.6100000143051147,0.0,21.36000061035156,No,Deal 5,1
60,Others,Others,Month-to-Month,85031-RAJ,Joined,No,Female,Yes,DSL,No,44.0,No,1,No,No,No,Bank Withdrawal,Yes,No,Rajasthan,No,No,No,4,44.0,0,13.399999618530272,0.0,57.400001525878906,Yes,Deal 5,1
62,Others,Others,Month-to-Month,85428-HAR,Joined,No,Female,No,,Yes,20.100000381469727,No,11,No,No,No,Credit Card,Yes,No,Haryana,No,No,No,18,39.79999923706055,0,71.0,0.0,110.8000030517578,No,,1
53,Others,Others,Month-to-Month,85917-TAM,Joined,No,Male,No,,Yes,19.5,No,7,No,No,Yes,Credit Card,Yes,No,Tamil Nadu,No,No,No,15,19.5,0,33.02000045776367,0.0,52.52000045776367,No,Deal 5,1
27,Others,Others,Month-to-Month,86289-UTT,Joined,No,Male,No,,No,20.299999237060547,No,4,No,No,No,Credit Card,Yes,No,Uttar Pradesh,No,No,No,27,20.299999237060547,0,29.190000534057617,0.0,49.4900016784668,No,,1
54,Others,Others,Month-to-Month,86315-TAM,Joined,No,Female,No,,No,20.950000762939453,No,6,No,No,No,Bank Withdrawal,Yes,No,Tamil Nadu,No,No,No,13,20.950000762939453,0,2.289999961853028,0.0,23.239999771118164,No,Deal 5,1
35,Others,Others,Month-to-Month,86362-ASS,Joined,No,Female,Yes,Fiber Optic,Yes,74.30000305175781,No,15,No,No,Yes,Mailed Check,Yes,Yes,Assam,No,No,No,11,74.30000305175781,0,39.54999923706055,0.0,113.8499984741211,Yes,,1
59,Others,Others,Month-to-Month,86369-BIH,Joined,No,Female,Yes,DSL,No,54.29999923706055,Yes,1,Yes,No,No,Bank Withdrawal,Yes,No,Bihar,No,No,No,2,54.29999923706055,10,34.02000045776367,0.0,98.31999969482422,No,Deal 5,1
54,Others,Others,Month-to-Month,86703-WES,Joined,No,Female,No,,Yes,20.64999961853028,No,14,No,No,No,Bank Withdrawal,Yes,No,West Bengal,No,No,No,35,20.64999961853028,0,1.4700000286102295,0.0,22.1200008392334,No,Deal 5,1
25,Others,Others,Month-to-Month,86891-GUJ,Joined,No,Male,No,,No,20.049999237060547,No,7,No,No,No,Credit Card,Yes,No,Gujarat,No,No,No,5,20.049999237060547,0,18.14999961853028,0.0,38.20000076293945,No,,1
57,Others,Others,Month-to-Month,86970-KER,Joined,No,Male,Yes,DSL,Yes,49.5,No,2,Yes,No,No,Bank Withdrawal,Yes,No,Kerala,No,No,No,9,49.5,30,16.989999771118164,0.0,96.48999786376952,No,,1
58,Others,Others,Month-to-Month,87024-KAR,Joined,No,Male,Yes,Fiber Optic,No,71.30000305175781,No,14,No,No,Yes,Credit Card,Yes,No,Karnataka,No,No,No,8,157.75,0,13.479999542236328,0.0,171.22999572753906,Yes,Deal 5,1
62,Others,Others,Month-to-Month,87077-TAM,Joined,Yes,Male,Yes,Cable,Yes,69.0,No,3,No,No,No,Credit Card,Yes,No,Tamil Nadu,Yes,Yes,Yes,21,147.8000030517578,0,54.81999969482422,0.0,202.6199951171875,Yes,Deal 5,1
58,Others,Others,Month-to-Month,88107-JAM,Joined,No,Female,Yes,DSL,No,30.549999237060547,No,10,No,No,No,Credit Card,No,Yes,Jammu & Kashmir,No,No,No,34,30.549999237060547,40,0.0,0.0,70.55000305175781,No,,1
52,Others,Others,Month-to-Month,88111-MAH,Joined,No,Female,Yes,Fiber Optic,Yes,83.4000015258789,No,15,Yes,Yes,Yes,Credit Card,Yes,Yes,Maharashtra,No,No,No,32,83.4000015258789,0,43.060001373291016,0.0,126.45999908447266,Yes,,1
19,Others,Others,Month-to-Month,88215-KAR,Joined,No,Female,Yes,DSL,No,50.04999923706055,Yes,5,No,No,Yes,Bank Withdrawal,Yes,No,Karnataka,No,No,No,10,50.04999923706055,0,43.04999923706055,0.0,93.0999984741211,Yes,Deal 5,1
47,Others,Others,Month-to-Month,89154-RAJ,Joined,No,Female,Yes,Cable,No,49.20000076293945,No,5,Yes,No,No,Credit Card,Yes,No,Rajasthan,No,No,No,3,103.6999969482422,0,58.560001373291016,0.0,162.25999450683594,Yes,Deal 5,1
26,Others,Others,Month-to-Month,89188-KAR,Joined,No,Female,No,,Yes,20.549999237060547,No,3,No,No,Yes,Mailed Check,Yes,No,Karnataka,No,No,No,9,33.599998474121094,0,33.400001525878906,0.0,67.0,No,,1
51,Others,Others,Month-to-Month,89303-AND,Joined,No,Male,Yes,Fiber Optic,No,69.94999694824219,No,6,No,No,No,Credit Card,Yes,No,Andhra Pradesh,No,No,No,11,143.89999389648438,0,58.20000076293945,0.0,202.1000061035156,Yes,Deal 5,1
56,Others,Others,Month-to-Month,89382-ASS,Joined,No,Male,Yes,DSL,No,29.75,No,5,No,No,Yes,Bank Withdrawal,No,Yes,Assam,No,No,No,29,96.8499984741211,0,0.0,0.0,96.8499984741211,Yes,Deal 5,1
57,Others,Others,Month-to-Month,89512-JAM,Joined,No,Male,Yes,DSL,No,60.95000076293945,Yes,3,Yes,Yes,No,Bank Withdrawal,Yes,No,Jammu & Kashmir,No,No,No,34,134.60000610351562,0,29.76000022888184,0.0,164.36000061035156,Yes,,1
34,Others,Others,Month-to-Month,89804-MAH,Joined,No,Male,No,,No,19.39999961853028,No,4,No,No,No,Credit Card,Yes,No,Maharashtra,No,No,No,31,50.59999847412109,0,30.31999969482422,0.0,80.91999816894531,No,Deal 5,1
58,Others,Others,Month-to-Month,91320-PUD,Joined,No,Female,Yes,Fiber Optic,No,70.0999984741211,No,0,No,No,No,Bank Withdrawal,Yes,No,Puducherry,No,No,No,18,70.0999984741211,0,1.149999976158142,0.0,71.25,Yes,,1
21,Others,Others,Month-to-Month,91835-GUJ,Joined,Yes,Male,Yes,Cable,Yes,75.5,No,12,No,No,Yes,Bank Withdrawal,Yes,Yes,Gujarat,Yes,Yes,Yes,5,75.5,0,5.630000114440918,0.0,81.12999725341797,Yes,,1
24,Others,Others,Month-to-Month,92134-BIH,Joined,No,Male,Yes,DSL,No,34.79999923706055,No,5,No,No,Yes,Credit Card,No,No,Bihar,No,No,Yes,11,113.9499969482422,0,0.0,0.0,113.9499969482422,Yes,,1
44,Others,Others,Month-to-Month,92198-DEL,Joined,No,Female,No,,Yes,20.25,No,8,No,No,Yes,Credit Card,Yes,No,Delhi,No,No,No,15,20.25,0,28.18000030517578,0.0,48.43000030517578,No,Deal 5,1
22,Others,Others,Month-to-Month,92228-BIH,Joined,No,Female,Yes,Cable,Yes,25.14999961853028,No,10,No,No,Yes,Credit Card,No,No,Bihar,No,No,No,9,25.14999961853028,0,0.0,0.0,25.14999961853028,Yes,,1
35,Others,Others,Month-to-Month,92398-AND,Joined,No,Male,No,,No,20.0,No,5,No,No,Yes,Credit Card,Yes,No,Andhra Pradesh,No,No,No,12,61.70000076293945,0,46.11000061035156,0.0,107.80999755859376,No,Deal 5,1
39,Others,Others,Month-to-Month,92494-MAH,Joined,No,Female,Yes,Fiber Optic,Yes,91.1500015258789,No,11,Yes,Yes,Yes,Bank Withdrawal,Yes,No,Maharashtra,No,No,Yes,19,168.5,10,93.55999755859376,0.0,272.0599975585937,No,,1
40,Others,Others,Month-to-Month,92527-KAR,Joined,No,Female,No,,No,20.049999237060547,No,7,No,No,Yes,Credit Card,Yes,No,Karnataka,No,No,No,16,20.049999237060547,0,3.2300000190734863,0.0,23.280000686645508,No,,1
55,Others,Others,Month-to-Month,93521-MAH,Joined,No,Female,Yes,DSL,No,-1.0,No,6,No,No,Yes,Bank Withdrawal,Yes,Yes,Maharashtra,No,No,No,35,49.29999923706055,10,14.970000267028809,0.0,74.2699966430664,No,,1
57,Others,Others,Month-to-Month,93700-MAH,Joined,No,Female,Yes,Cable,No,50.70000076293945,No,8,No,Yes,Yes,Credit Card,Yes,No,Maharashtra,No,No,No,20,50.70000076293945,0,38.04999923706055,0.0,88.75,Yes,Deal 5,1
21,Others,Others,Month-to-Month,94070-JAM,Joined,No,Female,Yes,Fiber Optic,Yes,90.0999984741211,No,8,No,No,Yes,Bank Withdrawal,Yes,No,Jammu & Kashmir,Yes,Yes,Yes,3,90.0999984741211,0,24.32999992370605,0.0,114.43000030517578,Yes,,1
21,Others,Others,Month-to-Month,94124-MAH,Joined,No,Female,Yes,Fiber Optic,No,79.94999694824219,No,9,No,No,Yes,Bank Withdrawal,Yes,No,Maharashtra,No,No,Yes,8,174.4499969482422,0,75.4000015258789,0.0,249.8500061035156,Yes,,1
34,Others,Others,Month-to-Month,94243-TAM,Joined,No,Female,No,,No,19.89999961853028,No,5,No,No,Yes,Credit Card,Yes,No,Tamil Nadu,No,No,No,15,19.89999961853028,0,7.760000228881836,0.0,27.65999984741211,No,,1
49,Others,Others,Month-to-Month,94305-KAR,Joined,No,Male,No,,Yes,19.75,No,5,No,No,No,Bank Withdrawal,Yes,No,Karnataka,No,No,No,18,19.75,0,5.320000171661377,0.0,25.06999969482422,No,Deal 5,1
64,Others,Others,Month-to-Month,95594-TAM,Joined,No,Female,Yes,DSL,No,44.0,No,4,No,No,No,Bank Withdrawal,Yes,No,Tamil Nadu,No,No,No,1,44.0,0,15.65999984741211,0.0,59.65999984741211,Yes,,1
53,Others,Others,Month-to-Month,95735-PUN,Joined,No,Female,No,,No,19.25,No,10,No,No,No,Credit Card,Yes,No,Punjab,No,No,No,21,48.34999847412109,0,42.36000061035156,0.0,90.70999908447266,No,,1
22,Others,Others,Month-to-Month,95748-UTT,Joined,No,Male,No,,Yes,25.39999961853028,Yes,5,No,No,No,Mailed Check,Yes,No,Uttar Pradesh,No,No,No,4,25.39999961853028,0,32.72999954223633,0.0,58.130001068115234,No,Deal 5,1
34,Others,Others,Month-to-Month,95822-AND,Joined,No,Male,No,,Yes,19.200000762939453,No,3,No,No,Yes,Credit Card,Yes,No,Andhra Pradesh,No,No,No,26,19.200000762939453,0,17.889999389648438,0.0,37.09000015258789,No,,1
37,Others,Others,Month-to-Month,95991-MAD,Joined,No,Female,Yes,Cable,Yes,50.25,No,0,No,No,Yes,Credit Card,Yes,Yes,Madhya Pradesh,No,No,No,32,152.3000030517578,0,84.56999969482422,0.0,236.8699951171875,Yes,,1
37,Others,Others,Month-to-Month,96430-PUN,Joined,No,Male,Yes,DSL,No,48.75,No,0,No,Yes,Yes,Credit Card,Yes,No,Punjab,No,No,No,23,48.75,0,26.26000022888184,0.0,75.01000213623047,Yes,,1
33,Others,Others,Month-to-Month,96967-CHH,Joined,No,Female,Yes,Fiber Optic,No,89.3499984741211,No,5,No,No,Yes,Bank Withdrawal,Yes,No,Chhattisgarh,Yes,Yes,Yes,8,89.3499984741211,0,5.360000133514404,0.0,94.70999908447266,Yes,,1
27,Others,Others,Month-to-Month,97427-JAM,Joined,No,Female,No,,Yes,20.350000381469727,No,9,No,No,Yes,Credit Card,Yes,No,Jammu & Kashmir,No,No,No,2,20.350000381469727,0,29.86000061035156,0.0,50.209999084472656,No,Deal 5,1
24,Others,Others,Month-to-Month,97497-RAJ,Joined,No,Male,Yes,DSL,Yes,49.900001525878906,No,9,Yes,No,Yes,Bank Withdrawal,Yes,No,Rajasthan,No,No,No,8,49.900001525878906,0,6.349999904632568,0.0,56.25,Yes,Deal 5,1
23,Others,Others,Month-to-Month,97615-MAH,Joined,No,Female,No,,Yes,20.200000762939453,No,11,No,No,No,Credit Card,Yes,No,Maharashtra,No,No,No,10,20.200000762939453,0,41.09999847412109,0.0,61.29999923706055,No,Deal 5,1
57,Others,Others,Month-to-Month,97828-MAH,Joined,No,Female,Yes,Fiber Optic,No,92.0,No,0,No,No,Yes,Bank Withdrawal,Yes,No,Maharashtra,Yes,Yes,Yes,12,266.79998779296875,0,46.79999923706055,0.0,313.6000061035156,Yes,Deal 5,1
28,Others,Others,Month-to-Month,98301-WES,Joined,Yes,Male,Yes,Cable,Yes,53.45000076293945,No,4,No,Yes,No,Bank Withdrawal,Yes,No,West Bengal,No,No,No,27,119.5,0,25.18000030517578,0.0,144.67999267578125,Yes,,1
67,Others,Others,Month-to-Month,98334-MAD,Joined,No,Male,No,,Yes,20.200000762939453,No,15,No,No,No,Bank Withdrawal,Yes,No,Madhya Pradesh,No,No,No,20,65.94999694824219,0,95.43000030517578,0.0,161.3800048828125,No,,1
26,Others,Others,Month-to-Month,98767-WES,Joined,No,Female,No,,No,20.049999237060547,No,14,No,No,No,Credit Card,Yes,No,West Bengal,No,No,No,7,20.049999237060547,0,11.100000381469728,0.0,31.14999961853028,No,,1
58,Others,Others,Month-to-Month,98788-TAM,Joined,No,Male,No,,Yes,20.049999237060547,No,4,No,No,Yes,Mailed Check,Yes,No,Tamil Nadu,No,No,No,16,39.25,0,13.699999809265137,0.0,52.95000076293945,No,Deal 5,1
22,Others,Others,Month-to-Month,99475-KAR,Joined,No,Male,Yes,DSL,Yes,51.54999923706055,No,11,Yes,No,No,Credit Card,Yes,No,Karnataka,No,No,No,11,106.1999969482422,0,37.220001220703125,0.0,143.4199981689453,Yes,,1
50,Others,Others,Month-to-Month,99488-KAR,Joined,No,Male,Yes,DSL,Yes,24.39999961853028,No,10,No,No,No,Credit Card,No,No,Karnataka,No,No,No,31,24.39999961853028,0,0.0,0.0,24.39999961853028,Yes,,1
34,Others,Others,Month-to-Month,99515-ASS,Joined,No,Male,Yes,Cable,No,65.25,Yes,11,No,No,Yes,Credit Card,Yes,Yes,Assam,No,No,Yes,11,209.8999938964844,0,128.0399932861328,0.0,337.94000244140625,Yes,,1
50,Others,Others,Month-to-Month,99855-MAH,Joined,No,Female,Yes,Fiber Optic,Yes,69.69999694824219,No,5,No,No,Yes,Bank Withdrawal,Yes,No,Maharashtra,No,No,No,29,135.1999969482422,0,31.34000015258789,0.0,166.5399932861328,Yes,,1
30,Others,Others,Month-to-Month,99862-BIH,Joined,No,Female,Yes,Fiber Optic,No,74.0,No,12,No,No,No,Bank Withdrawal,Yes,Yes,Bihar,No,No,No,9,74.0,0,23.700000762939453,0.0,97.6999969482422,Yes,Deal 5,1
22,Others,Others,Month-to-Month,99996-HAR,Joined,No,Male,Yes,DSL,Yes,53.54999923706055,No,2,Yes,Yes,Yes,Credit Card,Yes,No,Haryana,No,Yes,No,8,53.54999923706055,0,16.059999465942383,0.0,69.61000061035156,Yes,Deal 5,1
32,Others,Others,One Year,17154-HAR,Joined,No,Male,No,,No,18.799999237060547,No,13,No,No,No,Mailed Check,Yes,No,Haryana,No,No,No,4,18.799999237060547,0,43.56999969482422,0.0,62.369998931884766,No,,1
51,Others,Others,One Year,22137-KAR,Joined,No,Female,No,,No,19.850000381469727,No,4,No,No,No,Credit Card,Yes,No,Karnataka,No,No,No,28,19.850000381469727,0,47.459999084472656,0.0,67.30999755859375,No,,1
48,Others,Others,One Year,36323-UTT,Joined,No,Female,No,,No,20.5,No,14,No,No,No,Bank Withdrawal,Yes,No,Uttar Pradesh,No,No,No,11,38.25,0,62.02000045776367,0.0,100.2699966430664,No,,1
18,Others,Others,One Year,43604-TAM,Joined,No,Female,No,,No,19.64999961853028,No,14,No,No,No,Mailed Check,Yes,No,Tamil Nadu,No,No,No,7,19.64999961853028,0,23.40999984741211,0.0,43.060001373291016,No,Deal 5,1
53,Others,Others,One Year,44693-UTT,Joined,No,Female,No,,No,20.299999237060547,No,11,No,No,No,Credit Card,Yes,No,Uttar Pradesh,No,No,No,27,31.89999961853028,0,70.83999633789062,0.0,102.73999786376952,No,,1
25,Others,Others,One Year,46619-RAJ,Joined,No,Male,No,,No,20.39999961853028,No,1,No,No,No,Credit Card,Yes,No,Rajasthan,No,No,No,14,20.39999961853028,0,27.5,0.0,47.900001525878906,No,,1
49,Others,Others,One Year,48051-GUJ,Joined,No,Female,Yes,DSL,Yes,25.850000381469727,No,0,No,No,No,Credit Card,No,No,Gujarat,No,No,No,36,25.850000381469727,0,0.0,0.0,25.850000381469727,Yes,,1
74,Others,Others,One Year,53186-HAR,Joined,No,Male,Yes,DSL,Yes,45.25,No,10,No,No,No,Bank Withdrawal,Yes,No,Haryana,No,No,No,2,45.25,0,11.890000343322754,0.0,57.13999938964844,Yes,Deal 5,1
27,Others,Others,One Year,64095-BIH,Joined,No,Male,No,,No,-3.0,No,2,No,No,Yes,Bank Withdrawal,Yes,No,Bihar,No,No,No,17,20.200000762939453,0,44.68999862670898,0.0,64.88999938964844,No,,1
65,Others,Others,One Year,65405-MAH,Joined,No,Female,No,,Yes,20.25,No,7,No,No,No,Mailed Check,Yes,No,Maharashtra,No,No,No,18,71.19999694824219,0,4.409999847412109,0.0,75.61000061035156,No,,1
59,Others,Others,One Year,75058-TEL,Joined,Yes,Female,Yes,DSL,No,74.0999984741211,No,6,No,No,No,Credit Card,Yes,Yes,Telangana,Yes,Yes,Yes,14,74.0999984741211,0,36.04999923706055,0.0,110.1500015258789,Yes,,1
78,Others,Others,One Year,79168-UTT,Joined,No,Female,Yes,Cable,No,44.29999923706055,No,2,No,No,Yes,Bank Withdrawal,Yes,No,Uttar Pradesh,No,No,No,10,89.30000305175781,0,47.81999969482422,0.0,137.1199951171875,Yes,Deal 5,1
23,Others,Others,One Year,85506-MAH,Joined,No,Female,No,,No,20.200000762939453,No,0,No,No,No,Credit Card,Yes,No,Maharashtra,No,No,No,10,34.75,0,76.81999969482422,0.0,111.56999969482422,No,,1
42,Others,Others,One Year,88728-UTT,Joined,No,Female,No,,No,21.200000762939453,No,12,No,No,No,Credit Card,Yes,No,Uttar Pradesh,No,No,No,9,52.04999923706055,0,36.150001525878906,0.0,88.19999694824219,No,,1
67,Others,Others,One Year,93520-GUJ,Joined,No,Female,Yes,Fiber Optic,No,72.0999984741211,Yes,13,No,No,Yes,Bank Withdrawal,Yes,No,Gujarat,No,No,No,19,72.0999984741211,0,7.769999980926514,0.0,79.87000274658203,Yes,Deal 5,1
74,Others,Others,Two Year,23148-CHH,Joined,No,Female,Yes,DSL,Yes,44.0,No,4,No,No,No,Bank Withdrawal,Yes,No,Chhattisgarh,No,No,No,9,44.0,0,28.670000076293945,0.0,72.66999816894531,Yes,Deal 5,1
67,Others,Others,Two Year,26567-UTT,Joined,No,Female,No,,Yes,20.350000381469727,No,1,No,No,No,Credit Card,Yes,No,Uttar Pradesh,No,No,No,35,20.350000381469727,0,30.09000015258789,0.0,50.43999862670898,No,,1
81,Others,Others,Two Year,31412-HAR,Joined,No,Female,No,,Yes,19.200000762939453,No,14,No,No,No,Bank Withdrawal,Yes,No,Haryana,No,No,No,29,37.20000076293945,0,14.0600004196167,0.0,51.2599983215332,No,,1
78,Others,Others,Two Year,57012-TAM,Joined,No,Female,Yes,DSL,Yes,45.20000076293945,No,11,No,No,No,Bank Withdrawal,Yes,No,Tamil Nadu,No,No,No,29,45.20000076293945,0,49.34000015258789,0.0,94.54000091552734,Yes,Deal 5,1
75,Others,Others,Two Year,67994-MAD,Joined,No,Male,Yes,DSL,Yes,46.29999923706055,No,12,No,No,No,Bank Withdrawal,Yes,No,Madhya Pradesh,No,No,No,33,46.29999923706055,0,11.510000228881836,0.0,57.810001373291016,Yes,Deal 5,1
38,Others,Others,Two Year,87704-GUJ,Joined,No,Female,No,,Yes,20.450000762939453,No,9,No,No,No,Credit Card,Yes,No,Gujarat,No,No,No,24,20.450000762939453,0,43.81999969482422,0.0,64.2699966430664,No,Deal 5,1
